frame,abs_tx,abs_ty,abs_tz,gt_abs_tx,gt_abs_ty,gt_abs_tz,abs_trans_err,abs_rot_err_deg,rel_tx,rel_ty,rel_tz,gt_rel_tx,gt_rel_ty,gt_rel_tz,rel_trans_err,rel_rot_err_deg
000002_11,0.2983690734829576,-0.0029088545973924,-0.0002010285864525,0.422526613184047,-0.0021774894362047,1.5979000000000167e-05,0.1241598834242332,2.7890270801065644,0.0,0.0,0.0,0.0,0.0,0.0,0.0,0.0
000003_10,0.3021651715064993,-0.0033337181055489,0.025385526093211,0.422526613184047,-0.0021774894362047,1.5979000000000167e-05,0.1230114930693396,2.266025061067246,0.0050355557684664,-0.0004083551220322,0.0253720135932742,0.0,0.0,0.0,0.0258701111242359,0.5230915692379169
000003_11,0.2731098590626944,-0.0058483451167051,0.0649881091114911,0.422526613184047,-0.0021774894362047,1.5979000000000167e-05,0.1629730630650732,2.0804757927585524,-0.0274635908753803,-0.0025830649761484,0.0407182767745743,0.0,0.0,0.0,0.0491823048659995,0.1856715790484861
000004_10,0.2871467265948018,-0.0094126762515823,0.0661361437015648,0.422526613184047,-0.0021774894362047,1.5979000000000167e-05,0.1508374549020646,2.740055149744647,0.0140765780975838,-0.0035353278723402,0.0006383540323872,0.0,0.0,0.0,0.0145277696145344,0.661883733190858
000004_11,0.3003404732200615,-0.0113459660848913,0.0640784176219567,0.422526613184047,-0.0021774894362047,1.5979000000000167e-05,0.1382660833521661,2.895585194161589,0.0130860351499061,-0.0018927064067982,-0.0026870323263619,0.0,0.0,0.0,0.0134924718346872,0.1569841416624343
000005_10,0.2874163103130709,-0.012728339547328,0.0962225086596923,0.422526613184047,-0.0021774894362047,1.5979000000000167e-05,0.1661981068758473,2.6647629709201834,-0.0112830521846018,-0.0014593177439562,0.0327528724999814,0.0,0.0,0.0,0.0346725760779079,0.2308742784997825
000005_11,0.3005709488616609,-0.0092802442278459,0.0916307288379861,0.422526613184047,-0.0021774894362047,1.5979000000000167e-05,0.1526987084877324,0.5103757286441748,0.0129190555847854,0.0034857760703364,-0.0051928495637757,0.0,0.0,0.0,0.0143533382391453,2.1918453124756003
000006_10,0.3075501030566472,-0.0064367178185377,0.0622196458845038,0.422526613184047,-0.0021774894362047,1.5979000000000167e-05,0.1307938648460518,0.97599229268122,0.0067348600972276,0.0029377883525208,-0.0294587354664283,0.0,0.0,0.0,0.0303612588048394,0.4881644559510857
000006_11,0.3179334139152249,-0.0088571489744492,0.0651401432521113,0.422526613184047,-0.0021774894362047,1.5979000000000167e-05,0.1233917013188908,0.8866234804762922,0.0104321275089441,-0.0024227955161441,0.0027389256588396,0.0,0.0,0.0,0.01105445323119,0.0905947700221628
000007_10,0.3039726090664608,-0.0125444904683785,0.0966579919017275,0.422526613184047,-0.0021774894362047,1.5979000000000167e-05,0.1533042897651967,0.9839329583786592,-0.0134752442376015,-0.0037706856272205,0.0317186863765809,0.0,0.0,0.0,0.0346680738261912,0.1005463961888484
000007_11,0.3129642772701284,-0.0143485930750818,0.1019752608542569,0.422526613184047,-0.0021774894362047,1.5979000000000167e-05,0.150159036927314,0.1796164113467435,0.0090822235561793,-0.0018084011909478,0.0051595671157619,0.0,0.0,0.0,0.0106008599846376,0.821531878777385
000008_10,0.3177697428310764,-0.0148653288146833,0.1136450478968845,0.422526613184047,-0.0021774894362047,1.5979000000000167e-05,0.1550694955580113,0.434552565508555,0.0048375890701191,-0.0005347373035717,0.0116556952905928,0.0,0.0,0.0,0.0126310508154435,0.5844707723801108
000008_11,0.3256393356653163,-0.0176499790117171,0.1162534281551422,0.422526613184047,-0.0021774894362047,1.5979000000000167e-05,0.152110772349463,1.4641816538743249,0.0078461060380371,-0.0027985032499017,0.002663722070411,0.0,0.0,0.0,0.0087457655850262,1.0380619906312862
000011_10,0.2609147986147789,-0.0112575428332357,0.0495674092608042,0.422526613184047,-0.0021774894362047,1.5979000000000167e-05,0.1692813345261543,2.751713456840364,-0.0629937985746768,0.0065641208833916,-0.0683070107005101,0.0,0.0,0.0,0.0931512428938999,1.291304893581669
000011_11,0.268435111510482,-0.0078490740888858,0.0191082878971786,0.422526613184047,-0.0021774894362047,1.5979000000000167e-05,0.1553733375438402,2.1268420152144136,0.0089828003968563,0.0033648826883671,-0.0300652241135555,0.0,0.0,0.0,0.0315583719395434,0.6251991124446207
000012_10,0.2430982886627637,-0.0048385685250931,-0.0249701992203743,0.422526613184047,-0.0021774894362047,1.5979000000000167e-05,0.1811792319348235,1.899012804895275,-0.0236806778402554,0.0030910149989147,-0.0449844627137091,0.0,0.0,0.0,0.0509306465925828,0.2280991340416741
000012_11,0.2202119671905892,-0.0022455264514388,-0.0646497103321403,0.422526613184047,-0.0021774894362047,1.5979000000000167e-05,0.2123979095690314,1.694106372411569,-0.0215567043796694,0.0026570990614847,-0.0404131105046025,0.0,0.0,0.0,0.045879964906179,0.2051684962941532
000013_10,0.2074988114515949,-0.0045670979722315,-0.0170482295966117,0.422526613184047,-0.0021774894362047,1.5979000000000167e-05,0.2157170669230297,1.5920814027877934,-0.0141146601470746,-0.0022805557022021,0.0472068896031788,0.0,0.0,0.0,0.0493245881015237,0.1035253846312124
000013_11,0.2276307473085974,-0.0090282164001854,-0.0058657059773533,0.422526613184047,-0.0021774894362047,1.5979000000000167e-05,0.1951049082249062,1.200445397187018,0.0198016779879877,-0.004522833253223,0.0117338306489207,0.0,0.0,0.0,0.0234573070379779,0.3960786402181744
000014_10,0.2139295311018529,-0.0122488765592283,0.0357844059141534,0.422526613184047,-0.0021774894362047,1.5979000000000167e-05,0.2118809945599193,1.050578909913615,-0.014570921832055,-0.0031909013065263,0.0413561867656484,0.0,0.0,0.0,0.0439639374712848,0.1530614065405001
000014_11,0.1937893919450755,-0.014344283855963,0.0743098951187684,0.422526613184047,-0.0021774894362047,1.5979000000000167e-05,0.2408076685631947,0.9307405955494918,-0.0208386832709637,-0.0020389843737424,0.0381552234655303,0.0,0.0,0.0,0.0435227441167083,0.1213322454868538
000015_10,0.2126088143115921,-0.0175047191152544,0.0843462238836535,0.422526613184047,-0.0021774894362047,1.5979000000000167e-05,0.2267421364793667,1.2282139359903497,0.018647026697082,-0.003221994076202,0.0103341208549933,0.0,0.0,0.0,0.0215612361499608,0.3001521808926215
000015_11,0.2015125838207003,-0.0124544916494137,0.0350321899267757,0.422526613184047,-0.0021774894362047,1.5979000000000167e-05,0.2240065913708367,0.9873467341291904,-0.0100351358065921,0.0050667553795409,-0.0495391674630385,0.0,0.0,0.0,0.0507986719675212,0.2447409193654239
000016_10,0.222680057348103,-0.0131489234959058,0.040150691220569,0.422526613184047,-0.0021774894362047,1.5979000000000167e-05,0.2041318529035665,1.2317992564383025,0.0210757267293446,-0.0007723343218128,0.0054736157284392,0.0,0.0,0.0,0.021788603135981,0.2477142104314407
000016_11,0.2154522181422315,-0.0153288821961529,0.0754664524045809,0.422526613184047,-0.0021774894362047,1.5979000000000167e-05,0.2207839173274078,1.0906714945142608,-0.0079801962053302,-0.0021215051853233,0.0351569701737786,0.0,0.0,0.0,0.0361136659386288,0.1413635047440539
000017_10,0.2089360454319371,-0.0188325090809577,0.1070873447977065,0.422526613184047,-0.0021774894362047,1.5979000000000167e-05,0.2395049011728613,0.8638632987107507,-0.0071180704322223,-0.0034529369586264,0.0314964608100277,0.0,0.0,0.0,0.0324748632618513,0.2356156742649516
000017_11,0.2261326107965478,-0.024820232866091,0.1128868361286244,0.422526613184047,-0.0021774894362047,1.5979000000000167e-05,0.2276469380263285,0.4910189956430914,0.0170872766950871,-0.0060492264163517,0.0060531505080425,0.0,0.0,0.0,0.0191104368386432,0.3987290505407492
000018_10,0.2085447569307771,-0.0183789716293871,0.0598320834784116,0.422526613184047,-0.0021774894362047,1.5979000000000167e-05,0.2227749743257157,0.4281374104178098,-0.0171558306936601,0.0065184313058877,-0.0531866219572113,0.0,0.0,0.0,0.0562639247537747,0.0721535881147537
000018_11,0.2273739636198902,-0.0173982609237798,0.0393642146371273,0.422526613184047,-0.0021774894362047,1.5979000000000167e-05,0.1996609930966549,0.2808727259715374,0.0189636640165981,0.000910285264594,-0.0203466287314653,0.0,0.0,0.0,0.0278286627945621,0.1847924201860594
000019_10,0.2246331833999916,-0.0136578534034789,-0.0017403090442085,0.422526613184047,-0.0021774894362047,1.5979000000000167e-05,0.1982339346736884,0.1745687315046613,-0.0025957814457622,0.0037559034599963,-0.0411125224181908,0.0,0.0,0.0,0.0413652558519975,0.1909314611486124
000019_11,0.2437966767871223,-0.0158210569874577,0.0047653557922716,0.422526613184047,-0.0021774894362047,1.5979000000000167e-05,0.1793128374653898,0.2373872764940922,0.0191573015027428,-0.0022228956316047,0.006503778721094,0.0,0.0,0.0,0.0203529507322392,0.1349264432679881
000020_10,0.2616005696543672,-0.0166507637771487,0.0045441353707248,0.422526613184047,-0.0021774894362047,1.5979000000000167e-05,0.1616390155760124,0.7908524109941788,0.0178013256744847,-0.0008920408853155,-0.0001817150240186,0.0,0.0,0.0,0.0178245884401323,0.9165752474669664
000020_11,0.2560036433990449,-0.0125300157322819,-0.0327404578795317,0.422526613184047,-0.0021774894362047,1.5979000000000167e-05,0.1700295810256863,0.8859500767546197,-0.0060987535672893,0.0041558718681985,-0.037201894786885,0.0,0.0,0.0,0.0379268643812518,0.1003497658760208
000021_10,0.2713978839521672,-0.0105106031426331,-0.0396737520713225,0.422526613184047,-0.0021774894362047,1.5979000000000167e-05,0.1564755838327533,1.3360910579170204,0.0152886126934302,0.0020021005788251,-0.0071680647979143,0.0,0.0,0.0,0.0170038594961422,0.4556437896695342
000021_11,0.2863047977324088,-0.0095422338202226,-0.0398780436787531,0.422526613184047,-0.0021774894362047,1.5979000000000167e-05,0.1421342868919212,1.976624125397219,0.0148987681233995,0.0009584327302388,-0.0005510605808705,0.0,0.0,0.0,0.0149397306755178,0.644808794260342
000022_10,0.2884377039829286,-0.0115220364106878,-0.0070746119953151,0.422526613184047,-0.0021774894362047,1.5979000000000167e-05,0.1346010126617439,1.5587722906496777,0.0032638753936102,-0.0019952794854217,0.0327093261130636,0.0,0.0,0.0,0.0329322643858679,0.4182072387053293
000022_11,0.2717189962252125,-0.0076023343032855,-0.0467485650088158,0.422526613184047,-0.0021774894362047,1.5979000000000167e-05,0.1579850905971412,1.5381716938422652,-0.0177923898233977,0.0039276078388374,-0.0392033998838455,0.0,0.0,0.0,0.0432307969093347,0.0229620803917107
000023_10,0.2837422583154199,-0.0054579452173721,-0.0577949749034163,0.422526613184047,-0.0021774894362047,1.5979000000000167e-05,0.1503794033026337,1.8045388043900024,0.0117216858986194,0.0021514709297613,-0.0113645791797861,0.0,0.0,0.0,0.016467556206102,0.2670235786922116
000023_11,0.2899138435911075,-0.0039704514745352,-0.0763266876495918,0.422526613184047,-0.0021774894362047,1.5979000000000167e-05,0.1530279847712556,1.985957579353971,0.0055840210146879,0.0014949722309984,-0.0187165500852291,0.0,0.0,0.0,0.0195889121636916,0.1814987965875372
000024_10,0.2947153831838098,-0.002010521793513,-0.0940106238775075,0.422526613184047,-0.0021774894362047,1.5979000000000167e-05,0.1586718010266844,2.057292461540824,0.0041842949502535,0.0019683977507165,-0.0178391365652064,0.0,0.0,0.0,0.018428719633437,0.0717056587753689
000024_11,0.3033494278538259,-0.0025623578004875,-0.1028505184311242,0.422526613184047,-0.0021774894362047,1.5979000000000167e-05,0.157432099397293,2.008262213721511,0.0083118613747024,-0.0005408163191507,-0.0091441491817532,0.0,0.0,0.0,0.0123691141987406,0.051004049695026
000025_10,0.3071543637015512,-0.0047436531374567,-0.0677892292906781,0.422526613184047,-0.0021774894362047,1.5979000000000167e-05,0.1338465069328861,1.3708457911891216,0.0050326463294798,-0.0021880233695817,0.0349057961805612,0.0,0.0,0.0,0.035334538094368,0.6386595550909185
000025_11,0.2871712581682734,-0.0064780975028721,-0.0202025492527885,0.422526613184047,-0.0021774894362047,1.5979000000000167e-05,0.1369246371034008,1.237036776839798,-0.0188389658392809,-0.001736664227194,0.048051038329132,0.0,0.0,0.0,0.0516413102180737,0.1340883149392429
000026_10,0.3004467410177743,-0.0092299145440842,-0.014957676409263,0.422526613184047,-0.0021774894362047,1.5979000000000167e-05,0.1231967623127778,1.7387093855563207,0.0133852220224349,-0.0027542015342889,0.0049567971896267,0.0,0.0,0.0,0.0145368371064839,0.5035183597820952
000026_11,0.3112063018710146,-0.0137185366836261,-0.0039191809775513,0.422526613184047,-0.0021774894362047,1.5979000000000167e-05,0.1119861284554769,1.7744924043777344,0.0110906476127957,-0.0044949325075051,0.0107031480015857,0.0,0.0,0.0,0.0160550384571973,0.0565877310072218
000027_10,0.3071690531041318,-0.0178311010244065,0.0284375054689887,0.422526613184047,-0.0021774894362047,1.5979000000000167e-05,0.1198339909632194,1.6279390846654231,-0.0030359811398745,-0.0041493924904665,0.0324612550795691,0.0,0.0,0.0,0.0328659051429056,0.1540756262322152
000027_11,0.3064481246124055,-0.0200847066582645,0.05507732842329,0.422526613184047,-0.0021774894362047,1.5979000000000167e-05,0.1297175244060277,1.329373617239623,3.227201181991025e-05,-0.0022820520633206,0.0266471356842944,0.0,0.0,0.0,0.0267446937406217,0.3047419998296679
000028_10,0.31677517381776,-0.017193112266151,0.0392806962374448,0.422526613184047,-0.0021774894362047,1.5979000000000167e-05,0.1138005003361109,1.645287777078562,0.0099649050332624,0.002885817980118,-0.0160285861540213,0.0,0.0,0.0,0.0190930053117155,0.320207746831352
000028_11,0.2950179007437894,-0.0188652957624311,0.0762845374176388,0.422526613184047,-0.0021774894362047,1.5979000000000167e-05,0.1495120317274123,1.5315094317749138,-0.0206899280643344,-0.0016713914026859,0.0376110717584766,0.0,0.0,0.0,0.0429588104042649,0.1150499491402638
000029_10,0.2968549235350319,-0.0199158674769535,0.0968445041677167,0.422526613184047,-0.0021774894362047,1.5979000000000167e-05,0.1596364210351448,1.2641750180669404,0.0023830021955575,-0.001068241317364,0.0205029448482664,0.0,0.0,0.0,0.0206685893671341,0.2691187038532288
000029_11,0.2999124551607107,-0.0161297388685432,0.060514063323633,0.422526613184047,-0.0021774894362047,1.5979000000000167e-05,0.1374369499764285,1.394890881236825,0.0022650603356404,0.0038009107942864,-0.0363869039658047,0.0,0.0,0.0,0.0366549342027361,0.1344145072715577
000030_10,0.3111209572670732,-0.0077629881949487,0.0609666634954344,0.422526613184047,-0.0021774894362047,1.5979000000000167e-05,0.1271117772164999,2.090879920933897,0.0112281416638692,0.0083506116526432,0.0001843990801591,0.0,0.0,0.0,0.0139942089171893,0.7138388671445224
000030_11,0.2870324067401567,-0.0055650604375426,0.0132288685632872,0.422526613184047,-0.0021774894362047,1.5979000000000167e-05,0.1361790588444505,1.9387290288449013,-0.0258113107218487,0.0021086086659596,-0.0468328541326741,0.0,0.0,0.0,0.0535162238755531,0.1530676998897344
000031_10,0.2862841202974601,-0.002759830669198,-0.0196977930862345,0.422526613184047,-0.0021774894362047,1.5979000000000167e-05,0.1376625904126874,1.9792280308144308,-0.0018604532318084,0.0027531106827733,-0.0328869790247792,0.0,0.0,0.0,0.0330544141384417,0.0443351577129551
000031_11,0.2948415865914638,-0.0035365115247371,0.0023078829480456,0.422526613184047,-0.0021774894362047,1.5979000000000167e-05,0.1277128254353997,1.304474953456536,0.0093118751284097,-0.0007433206579703,0.0216983800372839,0.0,0.0,0.0,0.0236237854767194,0.6758561841336577
000032_10,0.2706229859492279,-0.0075420444118965,0.0437736918635975,0.422526613184047,-0.0021774894362047,1.5979000000000167e-05,0.1581715140353506,1.3499425593539744,-0.0232711286841795,-0.0039455014976928,0.0420105440038015,0.0,0.0,0.0,0.0481871167408808,0.046862409454673
000032_11,0.285129142879495,-0.0105325201223636,0.0459823443485994,0.422526613184047,-0.0021774894362047,1.5979000000000167e-05,0.1451233204113585,1.6497421257713325,0.0145535954332753,-0.0029907924424005,0.0018702139425637,0.0,0.0,0.0,0.0149749684360246,0.3035860784019944
000033_10,0.2640284454536177,-0.0071780470320229,-0.0001501919147834,0.422526613184047,-0.0021774894362047,1.5979000000000167e-05,0.1585771180307718,1.5457698756660687,-0.0224200503040077,0.0033282738616412,-0.0455078758143276,0.0,0.0,0.0,0.0508399726953564,0.1040131260297472
000033_11,0.2418150020897433,-0.0025330837795699,-0.0419963856669495,0.422526613184047,-0.0021774894362047,1.5979000000000167e-05,0.1855312685682514,1.497070116694163,-0.0233344663121706,0.0046222486689559,-0.0412341385311858,0.0,0.0,0.0,0.047603746504246,0.0502390898941226
000034_10,0.2392419276773966,-0.0004824319401056,-0.0740621617086188,0.422526613184047,-0.0021774894362047,1.5979000000000167e-05,0.1976960295302684,1.5512701507027054,-0.0034102721525723,0.0020312212060188,-0.0319888115176271,0.0,0.0,0.0,0.0322341414970628,0.0557851370767435
000034_11,0.2174343994712687,-0.0039846758189782,-0.0246053976421296,0.422526613184047,-0.0021774894362047,1.5979000000000167e-05,0.2065727335249829,1.4437212566021032,-0.0204594532228381,-0.0034905483762105,0.0500303143747106,0.0,0.0,0.0,0.0541646149305665,0.1079095848409653
000035_10,0.2378699400942599,-0.0060847303402753,-0.0219842620840925,0.422526613184047,-0.0021774894362047,1.5979000000000167e-05,0.1860036667806017,2.024574471155378,0.0204957501204601,-0.0020924267473705,0.0021066272727982,0.0,0.0,0.0,0.0207097054822117,0.5830868044071529
000035_11,0.2546847277717889,-0.0043622091866743,-0.0314301059805744,0.422526613184047,-0.0021774894362047,1.5979000000000167e-05,0.1707762505728919,2.4685077143847907,0.016469598844775,0.0017360035273665,-0.010033281433651,0.0,0.0,0.0,0.0193630609842992,0.4448963061146019
000036_10,0.2699578826794478,-0.0038286051736715,-0.0394873228697844,0.422526613184047,-0.0021774894362047,1.5979000000000167e-05,0.1576085485295097,2.653549848220281,0.014911433686222,0.0005541748608795,-0.0087071679506473,0.0,0.0,0.0,0.017276363566324,0.1864978063311692
000045_11,0.3012012288519456,-0.0143881481015204,0.0365430390028078,0.422526613184047,-0.0021774894362047,1.5979000000000167e-05,0.1272916932907316,2.825351953421196,0.0347459561499434,-0.0105131098370807,0.0745014067394478,0.0,0.0,0.0,0.0828750056010674,0.2848337365599693
000046_10,0.2796879615305502,-0.016177614640064,0.0741299164929905,0.422526613184047,-0.0021774894362047,1.5979000000000167e-05,0.1615294389349126,2.585679649654742,-0.0196392930798029,-0.0020012283167028,0.0385887221004585,0.0,0.0,0.0,0.0433450830059925,0.2398564405478192
000046_11,0.286035012709161,-0.0126238761421819,0.0421403217326498,0.422526613184047,-0.0021774894362047,1.5979000000000167e-05,0.1432255013817877,2.7359827091174025,0.0048965069795947,0.0036857590525569,-0.0322286780447371,0.0,0.0,0.0,0.0328062233258577,0.1549788820531547
000047_10,0.2946616244300232,-0.010287864580601,0.0179738254538511,0.422526613184047,-0.0021774894362047,1.5979000000000167e-05,0.1293743320110661,2.989941170953739,0.0074618857409337,0.0024355677916755,-0.0245414586549567,0.0,0.0,0.0,0.0257661584678731,0.2562800358932604
000047_11,0.2855110553314867,-0.0130335379136834,0.0530324454859416,0.422526613184047,-0.0021774894362047,1.5979000000000167e-05,0.1473155205701308,2.6779763434790267,-0.0073074441294042,-0.0028741366102739,0.0354784311163093,0.0,0.0,0.0,0.0363370124725959,0.3122264365913133
000048_10,0.2880793186693557,-0.0095773670664202,0.0192285857608828,0.422526613184047,-0.0021774894362047,1.5979000000000167e-05,0.1360145486696574,2.897108430061068,0.0009821986442485,0.0035451033421046,-0.0338778622986546,0.0,0.0,0.0,0.0340770014204531,0.2208735772869386
000048_11,0.2968664646205968,-0.009777261784259,0.0365568263475394,0.422526613184047,-0.0021774894362047,1.5979000000000167e-05,0.1310857086093171,2.131819027614648,0.0096502359440485,-0.0002127674406575,0.0168626655643784,0.0,0.0,0.0,0.0194299205787282,0.7657760596605315
000049_10,0.3068966538117563,-0.0084845719561366,0.0184855768062051,0.422526613184047,-0.0021774894362047,1.5979000000000167e-05,0.1172654801613578,2.4513787397209548,0.0093504799036614,0.0013467312952003,-0.0184282566342318,0.0,0.0,0.0,0.0207085924723859,0.3201648745273222
000049_11,0.3115318002969849,-0.0099582703306762,0.0397043134132704,0.422526613184047,-0.0021774894362047,1.5979000000000167e-05,0.1181336231885795,2.1781725060028823,0.0055395388854506,-0.001503647943883,0.0209986595961765,0.0,0.0,0.0,0.0217690411602959,0.2734027022852046
000050_10,0.2821754292265925,-0.0116010508568599,0.0778663402645953,0.422526613184047,-0.0021774894362047,1.5979000000000167e-05,0.1607729364574029,2.026647627872308,-0.0278848164638238,-0.0017563830719027,0.0392452248428342,0.0,0.0,0.0,0.0481750510501133,0.1517644783636118
000050_11,0.2779977328983139,-0.0083040629508524,0.0353975160942824,0.422526613184047,-0.0021774894362047,1.5979000000000167e-05,0.1489227494603569,2.0531846053359604,-0.0056791118788388,0.0033534499141423,-0.0422897903070421,0.0,0.0,0.0,0.042800984828303,0.029509398310103
000051_10,0.2891874928386513,-0.0067935183995016,0.0155885138540025,0.422526613184047,-0.0021774894362047,1.5979000000000167e-05,0.1343247281019136,2.4916686886098973,0.0104716768227533,0.0015553954110435,-0.0201943995145814,0.0,0.0,0.0,0.0228010754597104,0.4389754578500931
000051_11,0.2830864919547211,-0.0045341127388926,-0.0214976311733941,0.422526613184047,-0.0021774894362047,1.5979000000000167e-05,0.1411096612728294,2.4041591386252392,-0.0077096746991008,0.0022932180603184,-0.0367833025390581,0.0,0.0,0.0,0.0376524803793589,0.0877309242328608
000052_10,0.267589721502437,-0.0064142927159836,0.0208484616344374,0.422526613184047,-0.0021774894362047,1.5979000000000167e-05,0.1563885649230935,2.2293337857625657,-0.0137058759939316,-0.0019642550374786,0.0429554095856765,0.0,0.0,0.0,0.0451317687143604,0.1749621502629356
000052_11,0.255858840322669,-0.0095348451851789,0.0580744127258012,0.422526613184047,-0.0021774894362047,1.5979000000000167e-05,0.1766438759789937,2.057849337793873,-0.0102705470756382,-0.0031831960468514,0.0376497806277521,0.0,0.0,0.0,0.0391551127647903,0.1722001946215724
000053_10,0.2694260759779444,-0.0071171558262059,0.0364484971727564,0.422526613184047,-0.0021774894362047,1.5979000000000167e-05,0.1574531777299205,2.4352483756359926,0.0127794027792889,0.0024569556988223,-0.0220962793693512,0.0,0.0,0.0,0.0256436215981614,0.3782703882838221
000053_11,0.2460900205445767,-0.0099971601198284,0.0747491732652667,0.422526613184047,-0.0021774894362047,1.5979000000000167e-05,0.1917708757786666,2.248810168061475,-0.0216838922231911,-0.0029535735929951,0.0392542089227088,0.0,0.0,0.0,0.0449422707154843,0.186853021213568
000054_10,0.2302856443871928,-0.0142331730009161,0.108266944450405,0.422526613184047,-0.0021774894362047,1.5979000000000167e-05,0.2209529386795077,2.133475140080644,-0.0144712629450747,-0.0042801801007826,0.0341090267107035,0.0,0.0,0.0,0.0372982988361683,0.1170614657988454
000054_11,0.2381259258345507,-0.0160185980652147,0.1261134627961232,0.422526613184047,-0.0021774894362047,1.5979000000000167e-05,0.223820832816698,1.8690635282847317,0.0085010179910857,-0.0017840311121623,0.0175415477938561,0.0,0.0,0.0,0.019574370306553,0.2645377860408082
000055_10,0.2262189575176764,-0.0212970875482641,0.1534552354200464,0.422526613184047,-0.0021774894362047,1.5979000000000167e-05,0.2498916967726814,1.882428649383585,-0.0110036222078783,-0.0052994799454451,0.0277136552362574,0.0,0.0,0.0,0.0302854895278255,0.0565866136758854
000055_11,0.2390301182319251,-0.0231154037359242,0.160786713756005,0.422526613184047,-0.0021774894362047,1.5979000000000167e-05,0.2448603460524431,1.7261708583405837,0.0130454728949817,-0.0018203633487643,0.0069054037839954,0.0,0.0,0.0,0.0148722119133384,0.1567018169500625
000056_10,0.2532622881780155,-0.0232629092475702,0.162735682558797,0.422526613184047,-0.0021774894362047,1.5979000000000167e-05,0.2357386446356043,1.3521113163901306,0.0142844587729416,-0.000143489312086,0.0015193903468394,0.0,0.0,0.0,0.0143657543708856,0.3746041426867795
000056_11,0.2584025386583818,-0.0311806555187759,0.1190360656129293,0.422526613184047,-0.0021774894362047,1.5979000000000167e-05,0.2048015539469086,1.2656787595535597,0.0041075911103195,-0.0079044077788057,-0.0438111565148472,0.0,0.0,0.0,0.0447075989316319,0.121406239957347
000057_10,0.2704734319496825,-0.0329058669478639,0.1251497395056603,0.422526613184047,-0.0021774894362047,1.5979000000000167e-05,0.1993059485471457,2.71506391647729,0.0122051280755751,-0.0017082802645577,0.0058460632042609,0.0,0.0,0.0,0.0136403749138975,1.4520985386963794
000057_11,0.2845719713175134,-0.0317724650913735,0.1219994709613158,0.422526613184047,-0.0021774894362047,1.5979000000000167e-05,0.1865135869250012,1.6364780020237153,0.013930413553795,0.0011867873472302,-0.0038095561406491,0.0,0.0,0.0,0.0144906039893463,1.07861000301619
000058_10,0.2642883804365856,-0.0252168310782441,0.0684822942342794,0.422526613184047,-0.0021774894362047,1.5979000000000167e-05,0.1739476527237379,1.5829304287017625,-0.0218107445485525,0.0065912148391661,-0.0529087507918448,0.0,0.0,0.0,0.0576063243157537,0.0548040258819405
000058_11,0.2427189025826276,-0.0201279031992286,0.0197397850285818,0.422526613184047,-0.0021774894362047,1.5979000000000167e-05,0.1817747470641636,1.4920123746438625,-0.0229126824693356,0.0051066236861611,-0.0481238313323561,0.0,0.0,0.0,0.0535441104652764,0.0909870478781339
000059_10,0.2606519983917426,-0.0162999162481801,0.0168831866265902,0.422526613184047,-0.0021774894362047,1.5979000000000167e-05,0.1633625922490673,2.066398304934181,0.0178463862320051,0.0038618568464843,-0.0033169449772215,0.0,0.0,0.0,0.0185582748073886,0.5766507762732918
000059_11,0.2402953338409569,-0.0183679768726683,0.0568970482434582,0.422526613184047,-0.0021774894362047,1.5979000000000167e-05,0.1915876485912615,1.8953614553716,-0.0188989800310271,-0.002133591265512,0.0407192353804955,0.0,0.0,0.0,0.0449419602139652,0.1712666131307429
000060_10,0.2169804103967466,-0.0201794670744093,0.0932967023326939,0.422526613184047,-0.0021774894362047,1.5979000000000167e-05,0.2264389675489512,1.7723369962950557,-0.0220969603431132,-0.0018707585381614,0.0371487089393854,0.0,0.0,0.0,0.0432643267574614,0.1238695109253858
000060_11,0.2230947934147971,-0.0200644563159332,0.1157189250894645,0.422526613184047,-0.0021774894362047,1.5979000000000167e-05,0.2312577913377463,1.435852841478293,0.0068035886764808,0.0001228267117003,0.0222227602975055,0.0,0.0,0.0,0.0232412344878716,0.3365434315447974
000061_10,0.2014609550803056,-0.0187821078473541,0.1463886471113541,0.422526613184047,-0.0021774894362047,1.5979000000000167e-05,0.2656514568291632,1.2990301209604909,-0.020861356542602,0.0012490537388699,0.0312016489233759,0.0,0.0,0.0,0.0375539508917205,0.1504294883016745
000061_11,0.2222828438159805,-0.020347809048203,0.1415016305782104,0.422526613184047,-0.0021774894362047,1.5979000000000167e-05,0.2458575141988634,1.7056931771478108,0.0207098078558027,-0.0015182192390129,-0.0053557698124921,0.0,0.0,0.0,0.0214449388286929,0.4087599093652984
000062_10,0.2398986909927094,-0.0200221302589341,0.113392278576726,0.422526613184047,-0.0021774894362047,1.5979000000000167e-05,0.2156978777728909,1.8489387721466333,0.0167733400710334,0.0003858437252277,-0.028619329060133,0.0,0.0,0.0,0.0331746862588179,0.1454260530038219
000062_11,0.2520093212598404,-0.0177473028582975,0.0800982236292618,0.422526613184047,-0.0021774894362047,1.5979000000000167e-05,0.1890283889790759,1.9559314032850663,0.0110281068111761,0.0023313322527226,-0.0336642547831272,0.0,0.0,0.0,0.0355012154723553,0.1077381284013569
000063_10,0.2531350708940562,-0.0151459860720434,0.0390496756871305,0.422526613184047,-0.0021774894362047,1.5979000000000167e-05,0.1743138146603372,1.9232300338909252,-0.0002780972508012,0.0026436164298767,-0.0410603385703237,0.0,0.0,0.0,0.0411462932646288,0.03355283802256
000063_11,0.25601791655403,-0.0105152410068844,0.0038303323697507,0.422526613184047,-0.0021774894362047,1.5979000000000167e-05,0.1667609470059184,2.103781643566457,0.001693172360386,0.0046707053832102,-0.0352912796770882,0.0,0.0,0.0,0.0356392584471841,0.1818351751882752
000064_10,0.2687693008915321,-0.0095145191796865,-0.0142830735657831,0.422526613184047,-0.0021774894362047,1.5979000000000167e-05,0.1545949740229407,2.369176756989269,0.012076970933689,0.0010381721683604,-0.0185678133580459,0.0,0.0,0.0,0.0221741904313,0.2654623817917959
000064_11,0.2655984785892661,-0.006565978835706,-0.0477742005840443,0.422526613184047,-0.0021774894362047,1.5979000000000167e-05,0.1641024056230816,2.337069713820738,-0.0045566603800162,0.0029694917682746,-0.033329004755697,0.0,0.0,0.0,0.0337698622026494,0.0325365790267234
000065_10,0.2423424013421927,-0.0091605206495013,-0.000998566324843,0.422526613184047,-0.0021774894362047,1.5979000000000167e-05,0.1803223286900773,2.1326075397820863,-0.0213267583497448,-0.002680436925742,0.0476814573254074,0.0,0.0,0.0,0.052302358804321,0.2046549419956164
000065_11,0.2597647293190505,-0.0067796470060241,0.0060236769332076,0.422526613184047,-0.0021774894362047,1.5979000000000167e-05,0.1629377277613651,0.9645925509931595,0.0176668875391973,0.00240862995698,0.0063716213181841,0.0,0.0,0.0,0.0189345708114719,1.172248741676794
000066_10,0.2376345596902375,-0.0090404380043777,0.0473963550586351,0.422526613184047,-0.0021774894362047,1.5979000000000167e-05,0.1909897158060213,0.9178479902808532,-0.0214322367852258,-0.0023296369346532,0.0417347109387763,0.0,0.0,0.0,0.0469739723571309,0.0479047779179671
000066_11,0.2424708676140109,-0.0098761925874208,0.0737108885563795,0.422526613184047,-0.0021774894362047,1.5979000000000167e-05,0.1947056271336683,0.7617306207009256,0.0052562227522709,-0.0008646899381074,0.026232946211777,0.0,0.0,0.0,0.0267683214501869,0.1562787800056563
000067_10,0.2565244304819477,-0.0053665390120191,0.0488472207631887,0.422526613184047,-0.0021774894362047,1.5979000000000167e-05,0.1730646840669498,1.24605264343904,0.0137211447965301,0.0045436808028012,-0.0250424984979184,0.0,0.0,0.0,0.0289143836313924,0.4884168624571071
000067_11,0.235266745489115,-0.0022001696089371,0.0020208069749521,0.422526613184047,-0.0021774894362047,1.5979000000000167e-05,0.1872706007325304,1.2073064184847275,-0.0222728305553021,0.0031650380249814,-0.0463522561271148,0.0,0.0,0.0,0.0515230831251239,0.0430385419638914
000068_10,0.2539355089327734,-0.002057050184806,0.0040264185176879,0.422526613184047,-0.0021774894362047,1.5979000000000167e-05,0.1686388406133122,2.250860425350357,0.0187067569812236,0.0001547545914194,0.0016121363487837,0.0,0.0,0.0,0.018776732658937,1.043843898415601
000068_11,0.2621678193263182,-0.0041376195059842,0.0291072852157001,0.422526613184047,-0.0021774894362047,1.5979000000000167e-05,0.1629880025484442,1.7285410051896573,0.0092135467958447,-0.0020743732920429,0.0247377668419238,0.0,0.0,0.0,0.0264792291700372,0.5223783603347699
000069_10,0.2409875865154945,-0.0075802517296615,0.0679709053133458,0.422526613184047,-0.0021774894362047,1.5979000000000167e-05,0.1939161675941881,1.6161793514435236,-0.0199949560832785,-0.0034745998676555,0.0394837160438296,0.0,0.0,0.0,0.0443940868319455,0.113340117073643
000069_11,0.2405044780493966,-0.0096049574578344,0.0961007711437353,0.422526613184047,-0.0021774894362047,1.5979000000000167e-05,0.2059599772807671,1.4363717299323575,0.0003119694415677,-0.0020249125759649,0.0281322694221182,0.0,0.0,0.0,0.0282067754043496,0.1798889319215385
000070_10,0.2539408836408826,-0.0097482218277752,0.105954823644769,0.422526613184047,-0.0021774894362047,1.5979000000000167e-05,0.1992523600844272,0.7166156815134962,0.0136791603078221,-0.0001302135327816,0.0095143832327967,0.0,0.0,0.0,0.016663129075649,0.7199164632006094
000070_11,0.2610144679264495,-0.0103061594000013,0.0683623843056288,0.422526613184047,-0.0021774894362047,1.5979000000000167e-05,0.1755661683220685,0.6971475695110038,0.0066031516287514,-0.000560131879754,-0.0376778850957886,0.0,0.0,0.0,0.0382562202059541,0.0412478806717272
000071_10,0.2585818887878869,-0.0122901884052946,0.0963977880140719,0.422526613184047,-0.0021774894362047,1.5979000000000167e-05,0.1904457729817004,0.5505915137564351,-0.0020921560255372,-0.0019796194188198,0.0280631727282579,0.0,0.0,0.0,0.0282105950567264,0.147686537126737
000071_11,0.2549107207551193,-0.0156853810620895,0.1224187380281248,0.422526613184047,-0.0021774894362047,1.5979000000000167e-05,0.2079903506142045,0.4832631975120128,-0.003423226521076,-0.0033875146373325,0.0260557270538103,0.0,0.0,0.0,0.0264970686592952,0.0700188567998265
000072_10,0.244642551622675,-0.0200845805568879,0.1491381801624699,0.422526613184047,-0.0021774894362047,1.5979000000000167e-05,0.2328107260190444,0.4924804494683685,-0.0100467123011841,-0.0043818668815214,0.0268063361179403,0.0,0.0,0.0,0.0289606084448882,0.0559454514387673
000072_11,0.2548094512458632,-0.0195084175043786,0.1583897600302476,0.422526613184047,-0.0021774894362047,1.5979000000000167e-05,0.2313258783493969,0.1425660045127722,0.0102454156008952,0.0005612142255837,0.0091654808722109,0.0,0.0,0.0,0.0137582535905153,0.3882709459239951
000073_10,0.2632865811172097,-0.0251484217904503,0.1665208279292302,0.422526613184047,-0.0021774894362047,1.5979000000000167e-05,0.2315359934498662,2.59019025844335,0.0084800957085137,-0.0056533030020271,0.0081187305856374,0.0,0.0,0.0,0.0130301820547698,2.506439395578372
000074_10,0.2842996068331311,-0.019104816417565,0.1707573172706723,0.422526613184047,-0.0021774894362047,1.5979000000000167e-05,0.220331214942255,2.3269913033884224,0.0211697881494004,0.0060643651134055,0.003329234606048,0.0,0.0,0.0,0.0222715122428023,0.3351148620193973
000074_11,0.2625319744595744,-0.0138588433220777,0.1120904484601031,0.422526613184047,-0.0021774894362047,1.5979000000000167e-05,0.1956921693730874,2.135949108315718,-0.0241371069484401,0.0053103693593285,-0.0577265241837103,0.0,0.0,0.0,0.0627945184622466,0.195816713947949
000075_10,0.2742324192657741,-0.0188336964474364,0.1183283765445103,0.422526613184047,-0.0021774894362047,1.5979000000000167e-05,0.190437445358316,1.3549573052585056,0.0119319797590383,-0.0049678283296978,0.0057887701443921,0.0,0.0,0.0,0.0141619673445483,0.7910823104826973
000075_11,0.2837996862984947,-0.0176554404884873,0.0860862305415203,0.422526613184047,-0.0021774894362047,1.5979000000000167e-05,0.1639902906037635,1.5569521853514796,0.0088032543546808,0.0011880197564497,-0.0324587151052438,0.0,0.0,0.0,0.0336522935987773,0.2026128126752765
000076_10,0.2946760176854249,-0.0211903215178699,0.0921807775069995,0.422526613184047,-0.0021774894362047,1.5979000000000167e-05,0.1587501579115867,1.1872148216572354,0.0110360702294705,-0.0035447612046047,0.0057942465374858,0.0,0.0,0.0,0.0129589147325169,0.3744469909944334
000076_11,0.3033000879646922,-0.0223703852930041,0.0649772808757001,0.422526613184047,-0.0021774894362047,1.5979000000000167e-05,0.1372686712267254,1.065655162707288,0.0080581199542011,-0.0011851147408564,-0.0273762593047142,0.0,0.0,0.0,0.028562166718655,0.1572048393210877
000077_10,0.3115101261382205,-0.025648396732482,0.074898560341445,0.422526613184047,-0.0021774894362047,1.5979000000000167e-05,0.1359519947395578,0.3980490975719561,0.008382361656545,-0.0033020112628419,0.0097680400656681,0.0,0.0,0.0,0.0132884111934252,0.7561918165633019
000077_11,0.3207026986592959,-0.0255700002378482,0.0797191691411867,0.422526613184047,-0.0021774894362047,1.5979000000000167e-05,0.1314074489876087,1.4165379116503596,0.0092185504864735,4.423883377654074e-05,0.0047711816795918,0.0,0.0,0.0,0.0103801640047615,1.114471816859346
000078_10,0.3274904879323488,-0.0227910011911784,0.0551539776247262,0.422526613184047,-0.0021774894362047,1.5979000000000167e-05,0.11178989606431,1.626131499024462,0.0061852639440806,0.002752790367123,-0.0247267104220087,0.0,0.0,0.0,0.0256368007590093,0.2126707545570872
000078_11,0.3305480017177411,-0.0226498588044794,0.0719691422976423,0.422526613184047,-0.0021774894362047,1.5979000000000167e-05,0.1185598607596935,1.6424971941489794,0.0035329817504127,0.0001432068809539,0.0167217106313609,0.0,0.0,0.0,0.0170914620409861,0.0380415045386719
000079_10,0.3066824848818632,-0.0173075252297445,0.0236453292231483,0.422526613184047,-0.0021774894362047,1.5979000000000167e-05,0.1191936501545901,1.553226242950556,-0.0252352764534519,0.0053396001355249,-0.0476231437920314,0.0,0.0,0.0,0.0541598959741056,0.0910810676967679
000079_11,0.2808531902915681,-0.0122424628113831,-0.020561786176102,0.422526613184047,-0.0021774894362047,1.5979000000000167e-05,0.1435134379170014,1.432538590109822,-0.0270111197860351,0.0050757985993035,-0.0434938161666754,0.0,0.0,0.0,0.0514497460465723,0.1214735692933341
000080_10,0.2862485962799554,-0.0110041344685939,-0.0442810931919125,0.422526613184047,-0.0021774894362047,1.5979000000000167e-05,0.1435682352006013,1.5385796028808176,0.0048031779753312,0.0012208555148167,-0.0238471881219483,0.0,0.0,0.0,0.0243567113579472,0.1078695036631634
000080_11,0.2770581552629003,-0.0134582251962519,-0.0025032358284356,0.422526613184047,-0.0021774894362047,1.5979000000000167e-05,0.1459269464238742,1.3451711015225976,-0.0080692344576044,-0.0024350346912692,0.0420099297141888,0.0,0.0,0.0,0.042847125145925,0.194409190527852
000081_10,0.289915328682325,-0.0116049730424448,-0.0140732865459146,0.422526613184047,-0.0021774894362047,1.5979000000000167e-05,0.1336904545132744,1.2981870295045794,0.0125848609712115,0.0018331895840221,-0.0118687916727903,0.0,0.0,0.0,0.0173956179967193,0.0516019217234936
000081_11,0.3026077144484449,-0.0118378985685848,-0.0058951303389483,0.422526613184047,-0.0021774894362047,1.5979000000000167e-05,0.1204525092813826,0.9803122929847912,0.0128740352212523,-0.0002415167229434,0.0078888552069843,0.0,0.0,0.0,0.0151007665263148,2.2594879730719244
000082_10,0.2831592676582043,-0.0079569111261371,-0.0460628690081711,0.422526613184047,-0.0021774894362047,1.5979000000000167e-05,0.1469010515542684,0.7234362461089399,-0.0187611675340218,0.0038992120590882,-0.0404915560822112,0.0,0.0,0.0,0.0447967786328462,0.2583332681464352
000082_11,0.2819582793224315,-0.0058076781616288,-0.0738337784658012,0.422526613184047,-0.0021774894362047,1.5979000000000167e-05,0.1588282765522892,0.4069705735717894,-0.0008549219028285,0.0021211108209553,-0.0277858774352649,0.0,0.0,0.0,0.027879831194293,0.3208523630807666
000083_10,0.2779718181869862,-0.00345653518955,-0.1010351824856571,0.422526613184047,-0.0021774894362047,1.5979000000000167e-05,0.1763776118227078,0.2142663194418828,-0.0037994647994448,0.0023336616780955,-0.0272296569335894,0.0,0.0,0.0,0.0275923200603176,0.2008505079794185
000083_11,0.290382100232256,-0.0087319239429795,-0.0792227557037018,0.422526613184047,-0.0021774894362047,1.5979000000000167e-05,0.1542203293746104,0.7454466058641515,0.0123312029476536,-0.0052762281507556,0.0218570272321299,0.0,0.0,0.0,0.025644235006354,0.9330061684558902
000084_10,0.282294131580337,-0.007471129934009,-0.107992058964391,0.422526613184047,-0.0021774894362047,1.5979000000000167e-05,0.1770844651328066,0.8677216330554631,-0.008458654470519,0.0012937402229129,-0.0286610371294718,0.0,0.0,0.0,0.0299111626078456,0.1331715956215969
000084_11,0.2961003645311368,-0.0066549624438281,-0.0929109734184374,0.422526613184047,-0.0021774894362047,1.5979000000000167e-05,0.1569683490349567,2.065173565457633,0.0140325311574337,0.0007994626642476,0.0148716598828871,0.0,0.0,0.0,0.0204625838766307,1.1997045967937514
000085_10,0.3083637275837775,-0.0039896787529028,-0.0889070369067266,0.422526613184047,-0.0021774894362047,1.5979000000000167e-05,0.144719560656629,2.667562951419476,0.0123972262807248,0.0026732635593107,0.0035619882917776,0.0,0.0,0.0,0.0131729008993385,0.603811605252195
000087_10,0.2977377687138827,-0.0209452430060865,-0.0759188158151149,0.422526613184047,-0.0021774894362047,1.5979000000000167e-05,0.1472772125682459,2.9334723518743187,-0.009986148168351,-0.0169745043185903,0.0134625070499894,0.0,0.0,0.0,0.0238557340732394,0.2719373766651268
000087_11,0.2730874964163627,-0.0218026275552663,-0.0264895019430381,0.422526613184047,-0.0021774894362047,1.5979000000000167e-05,0.1530350815549153,2.619284912937521,-0.0220894095283816,-0.0009690197226104,0.0506235823498887,0.0,0.0,0.0,0.055241543266561,0.3142569282467335
000088_10,0.2478800735348788,-0.0170195840992302,-0.0659611496091122,0.422526613184047,-0.0021774894362047,1.5979000000000167e-05,0.18728236191622,2.3816217670144417,-0.0269913808812948,0.0047796783031715,-0.0382743083012879,0.0,0.0,0.0,0.0470776235859774,0.2385046028389516
000088_11,0.2637695759679077,-0.0187496508485985,-0.070268988358547,0.422526613184047,-0.0021774894362047,1.5979000000000167e-05,0.1744087441503926,2.19770294690402,0.0156990688018807,-0.0017050686844824,-0.004965770106705,0.0,0.0,0.0,0.0165537576766615,0.1961445150435631
000089_10,0.2402100955822828,-0.0131427322992696,-0.1052357694179711,0.422526613184047,-0.0021774894362047,1.5979000000000167e-05,0.2108019916569108,1.9983216972214448,-0.0248826052312482,0.0056427538794578,-0.0340320101504285,0.0,0.0,0.0,0.0425342500735248,0.2004401745970979
000089_11,0.2390346936148625,-0.0192481554732994,-0.0599507033722321,0.422526613184047,-0.0021774894362047,1.5979000000000167e-05,0.1937954983503649,1.802501670054335,0.0004021077744594,-0.0061423848801784,0.0452935358081859,0.0,0.0,0.0,0.0457099001167793,0.2011212776153126
000090_10,0.2530604509782557,-0.0258670842335757,-0.0374113591342757,0.422526613184047,-0.0021774894362047,1.5979000000000167e-05,0.175159306559031,2.004572503574195,0.0147206713708957,-0.006645706252633,0.0220837168298566,0.0,0.0,0.0,0.0273597172176082,0.2088080934966874
000090_11,0.2303004238830204,-0.0276918169672138,0.0082748812001971,0.422526613184047,-0.0021774894362047,1.5979000000000167e-05,0.1940878621349263,1.812970325006692,-0.0211528525568388,-0.0018720080755714,0.0464503331882335,0.0,0.0,0.0,0.0510742698315333,0.1943924332690559
000091_10,0.2369228290066742,-0.0269346827008748,0.037481021354699,0.422526613184047,-0.0021774894362047,1.5979000000000167e-05,0.190958929400917,1.431419737586421,0.007542385381977,0.0007092674136915,0.0289834001995811,0.0,0.0,0.0,0.029957104744008,0.3819697138539188
000091_11,0.2250283716341607,-0.0207962994467968,-0.006693293554216,0.422526613184047,-0.0021774894362047,1.5979000000000167e-05,0.1984873543571844,1.391853202096936,-0.0129817830664652,0.0062041461346997,-0.0438578367226087,0.0,0.0,0.0,0.0461576425181408,0.0410027520472984
000092_10,0.220988140652963,-0.0160283332516052,-0.0439349102013415,0.422526613184047,-0.0021774894362047,1.5979000000000167e-05,0.2067396489455994,1.4463276469037536,-0.0049341590028246,0.0048063800761578,-0.0371287996575398,0.0,0.0,0.0,0.0377623486890232,0.0550578013835806
000092_11,0.2132005670731108,-0.011757839750606,-0.0792076112167126,0.422526613184047,-0.0021774894362047,1.5979000000000167e-05,0.2240213247425566,1.445100883765841,-0.0086672641475917,0.0043104077495757,-0.0350620274820455,0.0,0.0,0.0,0.0363737110276563,0.0056665118365884
000093_10,0.2334613634233679,-0.0118901202981535,-0.0638938512547086,0.422526613184047,-0.0021774894362047,1.5979000000000167e-05,0.1998110864504622,2.192613758960026,0.0206396358024159,-0.0001713332882604,0.0147988070435319,0.0,0.0,0.0,0.0253974134719212,0.7517119738514656
000093_11,0.2139881515775986,-0.0076606570587463,-0.0994698199098211,0.422526613184047,-0.0021774894362047,1.5979000000000167e-05,0.2311185394577562,2.0176988068181223,-0.0208179050607151,0.0042713631194565,-0.0348010656534832,0.0,0.0,0.0,0.0407767566713349,0.1798109113227807
000094_10,0.2336938946048833,-0.0090340381280016,-0.0799743893772058,0.422526613184047,-0.0021774894362047,1.5979000000000167e-05,0.2051908060783467,0.988508941684452,0.0203779560195634,-0.0014113276282123,0.0187888626122334,0.0,0.0,0.0,0.0277538158722507,1.0383760635485018
000094_11,0.2159052337914394,-0.0058733961086002,-0.113799135330883,0.422526613184047,-0.0021774894362047,1.5979000000000167e-05,0.2359235774533502,0.9698352589840908,-0.0183579714238481,0.0032074293213567,-0.0335147256096635,0.0,0.0,0.0,0.0383476146629926,0.0269205787105893
000095_10,0.1955234145699222,-0.0015216708707819,-0.1444870627306787,0.422526613184047,-0.0021774894362047,1.5979000000000167e-05,0.2690947999283019,0.9168780084720995,-0.0208823627694346,0.0044137043099419,-0.0303405849457345,0.0,0.0,0.0,0.0370958886592463,0.0548511398336992
000095_11,0.1771081162533309,0.0023761646655335,-0.1721098658958138,0.422526613184047,-0.0021774894362047,1.5979000000000167e-05,0.2997970661672791,0.8716339593709761,-0.0188395517990055,0.0039537476659526,-0.0273271798044286,0.0,0.0,0.0,0.0334265701001017,0.0543166708387048
000096_10,0.1631337538778915,0.0056490728446961,-0.1968399089712077,0.422526613184047,-0.0021774894362047,1.5979000000000167e-05,0.3257271114984021,0.8351297494435799,-0.0143325827286991,0.0033197552579965,-0.0245178722488751,0.0,0.0,0.0,0.0285931768479853,0.0381370898564597
000096_11,0.1470860182889818,0.0017505206562458,-0.1350352455628964,0.422526613184047,-0.0021774894362047,1.5979000000000167e-05,0.3067927375857709,0.7525623743802196,-0.0151752566378919,-0.0038626198652067,0.0620269030297605,0.0,0.0,0.0,0.0639730016937792,0.0849757114823105
000097_10,0.1334767948667641,-0.0027884346237576,-0.0795188358224397,0.422526613184047,-0.0021774894362047,1.5979000000000167e-05,0.29979319120373,0.7146970136367201,-0.0129112479897608,-0.0045042819486267,0.055685688889823,0.0,0.0,0.0,0.0573400804643661,0.0383989457690531
000097_11,0.1612676610248732,0.0030363390203117,-0.0636804114081692,0.422526613184047,-0.0021774894362047,1.5979000000000167e-05,0.2689621799463883,1.0064955996736633,0.0279976688674615,0.0057451539756282,0.0154996664974907,0.0,0.0,0.0,0.0325133190823259,0.3425084956448928
000098_10,0.1856637068699528,0.0007068075984684,-0.0455169365430294,0.422526613184047,-0.0021774894362047,1.5979000000000167e-05,0.241216918881724,0.6066410289037933,0.0247089925688658,-0.0023200553421488,0.0177366461919451,0.0,0.0,0.0,0.0305041896908792,0.4064736150821245
000098_11,0.1807392202330032,0.0028321272071616,-0.080895324125684,0.422526613184047,-0.0021774894362047,1.5979000000000167e-05,0.2550154478114459,0.6353524360222131,-0.0052910660918183,0.0020831906585809,-0.0353279322394777,0.0,0.0,0.0,0.0357826474708777,0.0319339057747512
000099_10,0.1794260135581282,-0.0059489279286136,-0.0349613746751769,0.422526613184047,-0.0021774894362047,1.5979000000000167e-05,0.2456329386643853,0.6893356849967696,-0.000819114911965,-0.0087252494752359,0.0459560466701183,0.0,0.0,0.0,0.0467841763119776,0.0836886178611385
000099_11,0.1833436541395698,-0.0037534460617809,-0.0675886747891593,0.422526613184047,-0.0021774894362047,1.5979000000000167e-05,0.2485585660372819,0.8065082561243762,0.0035410508345536,0.0021252714114312,-0.0326749589364039,0.0,0.0,0.0,0.0329349170498549,0.1314778886003649
000100_10,0.189467101236453,-0.0090726437726522,-0.0268486007303193,0.422526613184047,-0.0021774894362047,1.5979000000000167e-05,0.2347040368350336,0.7650087458779605,0.006680096546073,-0.0052625304210494,0.0406598842430484,0.0,0.0,0.0,0.0415396690279957,0.0635252104594908
000100_11,0.2125908402131259,-0.0119787350501782,-0.0250967126778481,0.422526613184047,-0.0021774894362047,1.5979000000000167e-05,0.2116594918065103,0.6662054419670669,0.0231378311874728,-0.0029577488264074,0.0014540537620397,0.0,0.0,0.0,0.0233713881171617,0.1487813560136349
000101_10,0.2070145233526168,-0.0166592939596022,0.0162050924855141,0.422526613184047,-0.0021774894362047,1.5979000000000167e-05,0.2166039494589404,0.7401488208376104,-0.005142726317312,-0.0046059452795645,0.041366407691418,0.0,0.0,0.0,0.0419385508951576,0.0786593121198582
000101_11,0.2239910574611861,-0.0215079435005044,0.0325641384165943,0.422526613184047,-0.0021774894362047,1.5979000000000167e-05,0.2021123846327217,0.4402386515268751,0.0171552887097598,-0.0049020793759083,0.0161553763051865,0.0,0.0,0.0,0.0240692853339084,0.4025770882219939
000102_10,0.2334461665583058,-0.0216902118741613,0.0569699844372746,0.422526613184047,-0.0021774894362047,1.5979000000000167e-05,0.198433667426875,0.3592689255265603,0.0095840837701104,-0.0001903600900216,0.0243554250857433,0.0,0.0,0.0,0.0261739876553731,0.1317992121928452
000102_11,0.2157048744710278,-0.0170417336533982,0.0094664093309838,0.422526613184047,-0.0021774894362047,1.5979000000000167e-05,0.2075704410407839,0.3748576982023135,-0.0178608421879001,0.0046649491219296,-0.0474571386474445,0.0,0.0,0.0,0.050921031436667,0.0524709088056926
000103_10,0.2228414748092614,-0.0196731273642473,0.0392189666717231,0.422526613184047,-0.0021774894362047,1.5979000000000167e-05,0.204247707641128,0.3381966686878583,0.0072398237226748,-0.0026222350641316,0.0297284174031546,0.0,0.0,0.0,0.0307094442405451,0.0666182250122386
000103_11,0.232175717110767,-0.0212263389723092,0.0631038702798367,0.422526613184047,-0.0021774894362047,1.5979000000000167e-05,0.2014358566161603,0.3036838884578754,0.009392133305603,-0.0015642092176428,0.0238614804130996,0.0,0.0,0.0,0.0256910327937884,0.1791988248187087
000104_10,0.2218497446129317,-0.0162580297309103,0.016655675548837,0.422526613184047,-0.0021774894362047,1.5979000000000167e-05,0.2018572433571233,0.3281370459170208,-0.010283517155044,0.0049475026684898,-0.0464598330903189,0.0,0.0,0.0,0.0478408256462312,0.1881084663367172
000104_11,0.2075374744196833,-0.0129984788848148,-0.0264910467758805,0.422526613184047,-0.0021774894362047,1.5979000000000167e-05,0.2168871734676188,0.2803697872078614,-0.0144213820962654,0.0032678870677825,-0.0431097442548067,0.0,0.0,0.0,0.0455752717728496,0.2284649080367448
000105_10,0.2284976842793537,-0.0161880790018124,-0.0188294149425853,0.422526613184047,-0.0021774894362047,1.5979000000000167e-05,0.1954448022965299,1.0098546735591896,0.0209899344393202,-0.0031973952915131,0.0075765337852863,0.0,0.0,0.0,0.0225433925711446,0.764804817384459
000109_11,0.2616909301904149,0.002266612689676,-0.0538134203613722,0.422526613184047,-0.0021774894362047,1.5979000000000167e-05,0.169662816207145,2.8743149222890167,0.0325827953370176,0.0184192698976977,-0.0355716150764,0.0,0.0,0.0,0.051635722660594,1.8690890581571904
000110_10,0.2632832737616214,0.005513500101796,-0.0800954941809083,0.422526613184047,-0.0021774894362047,1.5979000000000167e-05,0.1784248878539507,2.7844542715608567,0.0002667467966918,0.003234712798725,-0.0263304143421159,0.0,0.0,0.0,0.0265297048640064,0.0913077845070085
000110_11,0.2557814477600711,0.0086332240982467,-0.1097345950344158,0.422526613184047,-0.0021774894362047,1.5979000000000167e-05,0.1999150074913758,2.669498515698614,-0.0089382994579668,0.003082232446159,-0.0292419735401615,0.0,0.0,0.0,0.0307324969791905,0.1154620300030791
000111_11,0.2654473743232252,0.0031112974722004,-0.0484451247248269,0.422526613184047,-0.0021774894362047,1.5979000000000167e-05,0.1644698669127146,2.9638401824244776,0.0125190712659744,-0.0054522120818602,0.0607771932460654,0.0,0.0,0.0,0.062292222474541,0.2951334208536744
000112_11,0.290243365096426,0.0011340930705575,-0.0271932808738009,0.422526613184047,-0.0021774894362047,1.5979000000000167e-05,0.1350931831225773,2.987732777017853,0.0258653267968117,-0.0019047583510073,0.0199436237443783,0.0,0.0,0.0,0.0327168360747021,0.0241886230823844
000113_10,0.287564736307166,0.0035166876907208,-0.0574134193083763,0.422526613184047,-0.0021774894362047,1.5979000000000167e-05,0.1467830632373686,2.861558066447764,-0.0042542172394747,0.0023618820111659,-0.0300405014166587,0.0,0.0,0.0,0.0304320320767376,0.1262259726651301
000114_10,0.3021023218211771,0.0034425906976082,-0.0783930465069023,0.422526613184047,-0.0021774894362047,1.5979000000000167e-05,0.1438108846085786,2.989437312190467,0.0134734696190482,-5.052391423357408e-05,-0.0216784386912291,0.0,0.0,0.0,0.0255243342779142,0.1294855542150137
000115_10,0.2934141291384675,0.006506856562233,-0.1200318268541736,0.422526613184047,-0.0021774894362047,1.5979000000000167e-05,0.1765132490558201,2.8414498322139257,-0.0108525472115605,0.0030297745997147,-0.0411303431919194,0.0,0.0,0.0,0.0426457787616699,0.1480361511981971
000115_11,0.2731416573952136,0.008394093671762,-0.1492190321218084,0.422526613184047,-0.0021774894362047,1.5979000000000167e-05,0.2114206989156139,2.61422763138667,-0.0216969462869902,0.0018367586412811,-0.0281477630609752,0.0,0.0,0.0,0.0355869038527329,0.2272530722096787
000116_10,0.2835550923368285,0.008718148346275,-0.1532868446503112,0.422526613184047,-0.0021774894362047,1.5979000000000167e-05,0.207204136706858,2.7951578932826293,0.0102166392521188,0.0003403675669296,-0.0045383003199226,0.0,0.0,0.0,0.011184441759979,0.1810120244342737
000116_11,0.2580436644326507,0.0099594364487224,-0.1800625637912218,0.422526613184047,-0.0021774894362047,1.5979000000000167e-05,0.2441930117216718,2.6000427795382923,-0.0267881464475224,0.0011858694206381,-0.0255010158425021,0.0,0.0,0.0,0.0370042279391998,0.1952557541894448
000117_10,0.2691761272351033,0.0106391645445474,-0.1825061869993654,0.422526613184047,-0.0021774894362047,1.5979000000000167e-05,0.2387362126723539,2.728014987311957,0.0110091217637141,0.0006970883817552,-0.0029459053778694,0.0,0.0,0.0,0.0114177516488852,0.1287631351996456
000120_11,0.3115117274940961,-0.0035108009947641,-0.0616740393073858,0.422526613184047,-0.0021774894362047,1.5979000000000167e-05,0.1270107905779295,2.9867602041508032,0.048061113732597,-0.0140260739497673,0.1186858504045336,0.0,0.0,0.0,0.1288135570889543,0.3323934754554968
000121_10,0.3112937911045629,-0.0023957594903979,-0.0842796445505137,0.422526613184047,-0.0021774894362047,1.5979000000000167e-05,0.1395655419484074,2.8896965019246528,-0.0013944602760044,0.0011885306772401,-0.022559855442852,0.0,0.0,0.0,0.0226341379830219,0.0978852065423676
000121_11,0.3035616534749926,0.0013515983703884,-0.1108602413739308,0.422526613184047,-0.0021774894362047,1.5979000000000167e-05,0.162661158067106,2.900178416491855,-0.0090679952097712,0.0038058455130531,-0.0261465824450309,0.0,0.0,0.0,0.0279348665783186,0.0375046941405558
000122_10,0.2743613122994555,0.0037213863335592,-0.1419372829771273,0.422526613184047,-0.0021774894362047,1.5979000000000167e-05,0.2052765980513014,2.671507910176489,-0.0307371216915426,0.0023784299375998,-0.0295572454013595,0.0,0.0,0.0,0.0427089959442382,0.2289944324075002
000122_11,0.2727951098610189,0.0024569674284973,-0.0943476653233497,0.422526613184047,-0.0021774894362047,1.5979000000000167e-05,0.1770466002152778,2.115088810310398,0.0006512629436979,-0.0013789434994962,0.0476077496326149,0.0,0.0,0.0,0.0476321682655574,0.5574176407088637
000123_10,0.2863724684837648,-0.0005491243290009,-0.09532593056722,0.422526613184047,-0.0021774894362047,1.5979000000000167e-05,0.1662247948168735,2.185839086916327,0.0135363138795542,-0.0029837425240292,-0.0014845015382283,0.0,0.0,0.0,0.0139405257330029,0.0707875449003981
000123_11,0.2676419265954475,-0.002702916289903,-0.044777320792895,0.422526613184047,-0.0021774894362047,1.5979000000000167e-05,0.1612326949454219,1.954487423730788,-0.0167911829578203,-0.002303488044542,0.0512189817066241,0.0,0.0,0.0,0.0539502916522037,0.2313623851685181
000124_10,0.280316023757976,-0.0038124254092964,-0.0251981897238279,0.422526613184047,-0.0021774894362047,1.5979000000000167e-05,0.1444378034483366,1.1378835217536234,0.0133341369156442,-0.0011336729100697,0.019134306918171,0.0,0.0,0.0,0.023349649307665,0.8177197660387391
000124_11,0.2859928805323373,-0.0064385786085001,0.0026204465771938,0.422526613184047,-0.0021774894362047,1.5979000000000167e-05,0.1366250353489559,0.8404416993864683,0.0062272362239993,-0.0026723733660687,0.0276962065762382,0.0,0.0,0.0,0.0285131532649552,0.2974483489966223
000125_10,0.2874932976572985,-0.0095335514222613,0.031775466678146,0.422526613184047,-0.0021774894362047,1.5979000000000167e-05,0.1389128252094364,0.6659681165728478,0.0019273065159383,-0.0031335096545889,0.0291257946190648,0.0,0.0,0.0,0.0293572019333199,0.1768407658463835
000125_11,0.2972959935243394,-0.0101653935866551,0.0458189326040443,0.422526613184047,-0.0021774894362047,1.5979000000000167e-05,0.1335830276342222,0.2550429957496374,0.0099645707780045,-0.0006469722129071,0.0139283797392279,0.0,0.0,0.0,0.0171379988911854,0.4156440522891442
000126_10,0.3004903638502326,-0.0121827538754919,0.0675456402033023,0.422526613184047,-0.0021774894362047,1.5979000000000167e-05,0.1398327808855913,0.0904146279660137,0.0032875582565648,-0.0020370782634852,0.0217109612932201,0.0,0.0,0.0,0.0220527451220381,0.1794680529783014
000126_11,0.2923411958112307,-0.0136358193456633,0.0968270930285163,0.422526613184047,-0.0021774894362047,1.5979000000000167e-05,0.1626404870267264,0.0657209595478059,-0.0081142306382398,-0.0014624529304968,0.0292906864228078,0.0,0.0,0.0,0.0304289963446665,0.0413697671539951
000127_10,0.3006246817582882,-0.0126022092385225,0.1065777364901385,0.422526613184047,-0.0021774894362047,1.5979000000000167e-05,0.162247230570122,2.029028283677312,0.0082896266639336,0.0010218717504673,0.0097466612284698,0.0,0.0,0.0,0.0128358691643518,2.001682811393385
000127_11,0.2925927087248337,-0.0085302171152338,0.0599743646106404,0.422526613184047,-0.0021774894362047,1.5979000000000167e-05,0.1432417002203413,1.997975269952456,-0.009681031784702,0.0040399629362709,-0.0462917304089856,0.0,0.0,0.0,0.04746543986103,0.0377120771834646
000128_10,0.3049519287909968,-0.0121686871049307,0.0597269298827255,0.422526613184047,-0.0021774894362047,1.5979000000000167e-05,0.1322460891531397,2.910795479415856,0.0123464385814637,-0.0036273169347056,-0.0006767825822916,0.0,0.0,0.0,0.0128860392849917,0.9182900402126036
000134_10,0.3373712308571528,-0.0107610948351762,-0.0427565834159809,0.422526613184047,-0.0021774894362047,1.5979000000000167e-05,0.09567972364359,2.933314207827987,0.0271761292049562,0.0016189452585843,-0.1039937497073065,0.0,0.0,0.0,0.1074981998012091,0.076106551495321
000134_11,0.305457105280667,-0.0059913903496105,-0.0805329029313842,0.422526613184047,-0.0021774894362047,1.5979000000000167e-05,0.1421546267319952,2.660896313781602,-0.0338079636409933,0.0048306070769045,-0.0360832182328433,0.0,0.0,0.0,0.0496821075269676,0.2728767621918277
000135_10,0.3151179014215236,-0.0080707074822214,-0.0851917131603376,0.422526613184047,-0.0021774894362047,1.5979000000000167e-05,0.1372286857210022,2.7480435153620677,0.0094364132302898,-0.0020583359741166,-0.0051065069203349,0.0,0.0,0.0,0.0109251569582573,0.0874685216919796
000135_11,0.3040760910993262,-0.013117966109214,-0.0401753973069475,0.422526613184047,-0.0021774894362047,1.5979000000000167e-05,0.1255610088420057,2.6043797938805904,-0.0088694760056314,-0.0051726209533938,0.0454801217644517,0.0,0.0,0.0,0.0466247261423734,0.1471647392951767
000136_10,0.3123717990251249,-0.0113679710287624,-0.0531047168184992,0.422526613184047,-0.0021774894362047,1.5979000000000167e-05,0.1226391306171538,2.75087339174202,0.0076998509959198,0.0017851158009709,-0.0132881229683244,0.0,0.0,0.0,0.0154611951609038,0.1477343443611281
000136_11,0.3069932688980596,-0.0134603533044204,-0.0145340972419757,0.422526613184047,-0.0021774894362047,1.5979000000000167e-05,0.1169912876141659,2.269661325987467,-0.003522168210383,-0.0021835840845413,0.0387791907609692,0.0,0.0,0.0,0.0389999915952829,0.4819842739872108
000137_10,0.3183877523025564,-0.0151134875725501,-0.0151904084163318,0.422526613184047,-0.0021774894362047,1.5979000000000167e-05,0.1060352611716195,2.398105698352775,0.0113597395183943,-0.0016501261608751,-0.0011096175236669,0.0,0.0,0.0,0.0115324693505512,0.128693288007849
000137_11,0.2975936863019635,-0.0105553979213533,-0.0543415848546805,0.422526613184047,-0.0021774894362047,1.5979000000000167e-05,0.1365033710870366,2.26177578176065,-0.0224132203060773,0.0046295644383176,-0.0382387064011686,0.0,0.0,0.0,0.0445643801551426,0.1368618737601704
000138_10,0.2921185177656519,-0.0147341209464928,-0.0147282671606625,0.422526613184047,-0.0021774894362047,1.5979000000000167e-05,0.1318382840467238,2.111882929747252,-0.0039089959573745,-0.0042497659995821,0.0397908704969252,0.0,0.0,0.0,0.0402076377737992,0.1534846676760037
000138_11,0.2697439505093464,-0.0168496492087625,0.0282861754742271,0.422526613184047,-0.0021774894362047,1.5979000000000167e-05,0.1560673517909951,1.935326633377263,-0.0207770827943438,-0.0021759100955594,0.0438054476148644,0.0,0.0,0.0,0.0485318348604873,0.1768033907795514
000139_10,0.2805130688782632,-0.0161475835316575,0.0064892709866078,0.422526613184047,-0.0021774894362047,1.5979000000000167e-05,0.1428457692914652,1.964473797724961,0.0100279788498631,0.0007265884342209,-0.0221468634649483,0.0,0.0,0.0,0.0243222501405833,0.0292113070526834
000139_11,0.2912099913841323,-0.0149993574454143,-0.0110028111651011,0.422526613184047,-0.0021774894362047,1.5979000000000167e-05,0.1324004123743198,2.111010767030307,0.0100922014011162,0.0011670755856117,-0.0178465940083986,0.0,0.0,0.0,0.0205357130931417,0.1472844340367476
000140_10,0.2920365365358267,-0.0123420794931194,-0.0396874248049897,0.422526613184047,-0.0021774894362047,1.5979000000000167e-05,0.1367747757021945,2.085818832156001,-0.0002289491435667,0.0026979707826971,-0.0286918089115795,0.0,0.0,0.0,0.0288192880320319,0.0263212924499976
000140_11,0.3027289418341752,-0.0104754117786546,-0.0496197355361376,0.422526613184047,-0.0021774894362047,1.5979000000000167e-05,0.1299386075558999,2.264913091603046,0.0103244792748611,0.0018779723761025,-0.0103121832478874,0.0,0.0,0.0,0.0147126739881115,0.1808026621339205
000141_10,0.3093338686036828,-0.0127195820240374,-0.0242978562039206,0.422526613184047,-0.0021774894362047,1.5979000000000167e-05,0.116253583704286,1.630186850618229,0.0076003667484201,-0.0022731801145189,0.0250384905314326,0.0,0.0,0.0,0.0262651657264175,0.6364111805201625
000141_11,0.3201998935897294,-0.0129774510514746,-0.0278516818329475,0.422526613184047,-0.0021774894362047,1.5979000000000167e-05,0.1066020789390414,2.020966508736087,0.0107604359523317,-0.0002611035237554,-0.0038615430982804,0.0,0.0,0.0,0.0114353256199475,0.3924060579098842
000142_10,0.3285477169238532,-0.0121007978641691,-0.0375403737424762,0.422526613184047,-0.0021774894362047,1.5979000000000167e-05,0.1016906319370574,2.2328210121746337,0.0080010773420776,0.0008863747881444,-0.0099760977966014,0.0,0.0,0.0,0.012818947934457,0.2125896399680232
000142_11,0.3275165776057754,-0.0096907591793467,-0.0615559479389836,0.422526613184047,-0.0021774894362047,1.5979000000000167e-05,0.1134656700055007,2.237288896195699,-0.0019664517079418,0.002434383691215,-0.0239546693249532,0.0,0.0,0.0,0.0241582147259183,0.0077811505336501
000143_10,0.2974766342055431,-0.0061590669397021,-0.0974885273566039,0.422526613184047,-0.0021774894362047,1.5979000000000167e-05,0.1586205502505449,2.030566142881995,-0.0314208089297846,0.0035528624610548,-0.0347294003360137,0.0,0.0,0.0,0.0469683011526744,0.2068529452895592
000143_11,0.2905778259066524,-0.005337938157987,-0.1232815162891446,0.422526613184047,-0.0021774894362047,1.5979000000000167e-05,0.1806176714628853,1.6715272191396104,-0.0078084206779059,0.0008405635078706,-0.0255317078551603,0.0,0.0,0.0,0.0267122834384327,0.3992546872843042
000144_10,0.2708890357116283,-0.0075626958507474,-0.0698443975033118,0.422526613184047,-0.0021774894362047,1.5979000000000167e-05,0.1670431906873653,1.5581096186728058,-0.0181317588698008,-0.002201096643169,0.0539862775538488,0.0,0.0,0.0,0.0569923123786566,0.1134581955670735
000147_10,0.3012974679560642,-0.0087881294995228,-0.0152698384080424,0.422526613184047,-0.0021774894362047,1.5979000000000167e-05,0.122367734426139,1.4370394538099998,0.0318739986035999,-0.0013074937137066,0.0537298391291224,0.0,0.0,0.0,0.0624864540491381,0.2793872750173051
000147_11,0.2723362020183025,-0.0117374938506575,0.0283203659071838,0.422526613184047,-0.0021774894362047,1.5979000000000167e-05,0.1531329213746388,1.467563433857627,-0.0278819766408416,-0.0031081708095518,0.0442774687607013,0.0,0.0,0.0,0.0524171688193541,0.0400110511581616
000148_10,0.2604629635499401,-0.0157387201644088,0.0645090046714916,0.422526613184047,-0.0021774894362047,1.5979000000000167e-05,0.1749510899418858,1.2049699915487933,-0.0109605083753866,-0.0041369715051501,0.0364603058444751,0.0,0.0,0.0,0.0382962293098683,0.2632693586178416
000148_11,0.2642217968382493,-0.0167410641379693,0.0282193347296759,0.422526613184047,-0.0021774894362047,1.5979000000000167e-05,0.161455696278531,1.3958584522454685,0.003004817585409,-0.0008846941549932,-0.0363629214055622,0.0,0.0,0.0,0.0364975843805663,0.1938433689199867
000149_10,0.2716399887462223,-0.013712790368766,0.0001322021293288,0.422526613184047,-0.0021774894362047,1.5979000000000167e-05,0.1513269642517873,1.7579155820808487,0.0067435933984852,0.0031314636119244,-0.0282454405991008,0.0,0.0,0.0,0.029207653635892,0.3708134656030468
000149_11,0.2865689281098328,-0.014645027281975,0.0029848448551234,0.422526613184047,-0.0021774894362047,1.5979000000000167e-05,0.136560410790026,0.6871015780967351,0.0150086894777448,-0.0009445173571086,0.0023931138352551,0.0,0.0,0.0,0.0152276021325006,1.0822276426661697
000150_10,0.2939324594358391,-0.012439119767307,-0.0193888331647052,0.422526613184047,-0.0021774894362047,1.5979000000000167e-05,0.1304542225089607,1.0719654984130376,0.0071052541432312,0.0022464832178049,-0.0224530124125812,0.0,0.0,0.0,0.0236573263427486,0.395980285082237
000150_11,0.2684068899138202,-0.0091923840447344,-0.0594780902042474,0.422526613184047,-0.0021774894362047,1.5979000000000167e-05,0.165353083181838,1.0403672380107278,-0.0262620058974084,0.0033575451861407,-0.0396014956639978,0.0,0.0,0.0,0.047636588062729,0.0334910278885161
000151_10,0.2452725230769303,-0.0054423207650185,-0.0955253334192513,0.422526613184047,-0.0021774894362047,1.5979000000000167e-05,0.2013897066935161,1.021909216308832,-0.0237775888828996,0.003840454153316,-0.0356166088469886,0.0,0.0,0.0,0.0429961119980319,0.0215088476836338
000151_11,0.2340033143174026,-0.0082216429030329,-0.0459913909688209,0.422526613184047,-0.0021774894362047,1.5979000000000167e-05,0.1941500556222961,0.8817195985550561,-0.0103916832104273,-0.0028617926077372,0.049720762417924,0.0,0.0,0.0,0.0508756439988254,0.1411217224951885
000152_10,0.2403254142489964,-0.0104257661909708,-0.0115132715849674,0.422526613184047,-0.0021774894362047,1.5979000000000167e-05,0.1827518387919642,0.7473158983985474,0.0068462842873367,-0.002262718588255,0.034374064631755,0.0,0.0,0.0,0.0351221842040147,0.1355335071979367
000152_11,0.2444241948321585,-0.0113633602317552,0.0211029956160596,0.422526613184047,-0.0021774894362047,1.5979000000000167e-05,0.1795814965825534,0.5877508290246782,0.0045193524837874,-0.0009839580676519,0.0325592882390172,0.0,0.0,0.0,0.0328861668636376,0.1611027611363359
000153_10,0.2473695338788333,-0.0091010267470312,-0.0131628263028108,0.422526613184047,-0.0021774894362047,1.5979000000000167e-05,0.1757885625085908,0.7611665630524981,0.002600710983245,0.002298424510554,-0.034291300264391,0.0,0.0,0.0,0.034466501514829,0.1780471002372635
000153_11,0.232618762663391,-0.010436567925578,0.0291481883664374,0.422526613184047,-0.0021774894362047,1.5979000000000167e-05,0.1923067593441255,0.758152108499305,-0.0141914249148186,-0.001372098620855,0.0425007257384267,0.0,0.0,0.0,0.0448284606475758,0.0157709650340698
000154_10,0.2492345812957602,-0.0115889580560537,0.0400276304060029,0.422526613184047,-0.0021774894362047,1.5979000000000167e-05,0.1781000738511607,2.7250148618348766,0.0167571795709703,-0.0011720535617604,0.0106582791389364,0.0,0.0,0.0,0.0198941119663298,1.9711066280131135
000155_11,0.2494590508274399,-0.0121628402640453,0.1033101833164213,0.422526613184047,-0.0021774894362047,1.5979000000000167e-05,0.2017963850433791,2.674594242345105,0.0032289979017323,-0.0006895603685031,0.0631993616207315,0.0,0.0,0.0,0.0632855530924649,0.076813888649326
000156_10,0.2510036414674738,-0.014210329493858,0.1257348702303854,0.422526613184047,-0.0021774894362047,1.5979000000000167e-05,0.2130027198852984,2.314187431394208,0.0025926274211432,-0.0020635554607533,0.0223263202856252,0.0,0.0,0.0,0.0225708784849148,0.360557826790694
000156_11,0.2443000506692424,-0.009889859544884,0.0752339946722486,0.422526613184047,-0.0021774894362047,1.5979000000000167e-05,0.1936025261204188,2.289405081073721,-0.0087431071480458,0.0043392313762299,-0.0501863743537014,0.0,0.0,0.0,0.051126734907566,0.030170038310311
000157_10,0.239627656120852,-0.0126108228144934,0.1048752007995418,0.422526613184047,-0.0021774894362047,1.5979000000000167e-05,0.2110837258923399,2.033099563616948,-0.0034804919597926,-0.0027449680097532,0.0298024720275739,0.0,0.0,0.0,0.030130317167449,0.2565043063529037
000157_11,0.2539599294342897,-0.0143426161456542,0.1119907342871842,0.422526613184047,-0.0021774894362047,1.5979000000000167e-05,0.2027339710060266,1.5304782140907591,0.0145786995406206,-0.0017052007827583,0.0066028625066315,0.0,0.0,0.0,0.0160948433756496,0.5035259253334339
000158_10,0.2372899531551957,-0.0153189215016488,0.1420636926196686,0.422526613184047,-0.0021774894362047,1.5979000000000167e-05,0.2338009204429065,1.3977771798277734,-0.0158604374049946,-0.0009925201449464,0.0305071390537554,0.0,0.0,0.0,0.034398024713071,0.1341438587022279
000158_11,0.2525027131311199,-0.0170433575089211,0.1439281300392576,0.422526613184047,-0.0021774894362047,1.5979000000000167e-05,0.2232483546176976,0.4064702041973148,0.0152559688546635,-0.0017036819394438,0.0014935711146677,0.0,0.0,0.0,0.0154232899382661,1.002514853626275
000159_10,0.2668279725706276,-0.0186750371277629,0.1439569387452818,0.422526613184047,-0.0021774894362047,1.5979000000000167e-05,0.2126810655914034,2.3951243488228795,0.0143239108052375,-0.0016422360400439,-7.004542576012664e-05,0.0,0.0,0.0,0.0144179147704961,1.9993281067013209
000159_11,0.2629030929915005,-0.0179682092984197,0.1651430494919567,0.422526613184047,-0.0021774894362047,1.5979000000000167e-05,0.2302085238249941,2.14663012819391,-0.0030381523507293,0.000674388281883,0.0213323792531534,0.0,0.0,0.0,0.0215581904124941,0.249295739888945
000160_10,0.2747145078373006,-0.0137422970061327,0.1305264535833671,0.422526613184047,-0.0021774894362047,1.5979000000000167e-05,0.1975225233666855,2.3807279664943293,0.0105012489399291,0.0042847358208737,-0.0350291503937396,0.0,0.0,0.0,0.0368195134087928,0.2351840597297936
000160_11,0.2887478201313215,-0.0148193487048136,0.1099451518372821,0.422526613184047,-0.0021774894362047,1.5979000000000167e-05,0.1736116502919672,2.3216599633360944,0.0131690733929815,-0.0010348858345906,-0.0211468293875506,0.0,0.0,0.0,0.0249335893097353,0.0676138120867035
000161_10,0.3021218241892203,-0.013855500661168,0.0986243435220462,0.422526613184047,-0.0021774894362047,1.5979000000000167e-05,0.1560682501752738,2.9724752602419757,0.0129036488356489,0.0009903069254478,-0.0118519545823426,0.0,0.0,0.0,0.0175486093039376,0.6519367250019833
000161_11,0.2822758545063075,-0.0147586691304668,0.1296598089523608,0.422526613184047,-0.0021774894362047,1.5979000000000167e-05,0.1914055486053042,2.684923140258957,-0.0182096097345406,-0.0009746576100593,0.0320209071744408,0.0,0.0,0.0,0.0368494008148746,0.2875636739835916
000162_10,0.294158933242961,-0.0129974530802495,0.1034127136472426,0.422526613184047,-0.0021774894362047,1.5979000000000167e-05,0.1651854037208732,2.7284536582189225,0.0106384083510731,0.0018065027598416,-0.0267727523748961,0.0,0.0,0.0,0.0288655409475208,0.0467557820107913
000162_11,0.3024892782337983,-0.0143152408859364,0.1118784840248904,0.422526613184047,-0.0021774894362047,1.5979000000000167e-05,0.1645281338332667,1.9020740418540376,0.0087263269087231,-0.0013051287120844,0.0080590531814369,0.0,0.0,0.0,0.0119499154998787,0.8270226393000333
000163_10,0.2982390338043211,-0.0144291759502392,0.1339624679048874,0.422526613184047,-0.0021774894362047,1.5979000000000167e-05,0.1831370200163172,1.5416763667285691,-0.00351524000027,-0.0001252259006569,0.0222127735579205,0.0,0.0,0.0,0.0224895509719769,0.3604357787103105
000163_11,0.2914287712026866,-0.0143199292423901,0.1559770734864147,0.422526613184047,-0.0021774894362047,1.5979000000000167e-05,0.2041027829551007,1.3448950675694096,-0.0062159497744834,9.692329384397772e-05,0.0221897959596932,0.0,0.0,0.0,0.0230441851766689,0.1975582113632263
000164_10,0.3041846015997088,-0.0164899691945585,0.1444852732459939,0.422526613184047,-0.0021774894362047,1.5979000000000167e-05,0.1872993746988935,0.7920602575932477,0.0124851263135943,-0.0021536276899843,-0.0117883528952888,0.0,0.0,0.0,0.0173055411726226,2.1215179375973072
000164_11,0.3030816640247276,-0.0131308590283154,0.0996556588128714,0.422526613184047,-0.0021774894362047,1.5979000000000167e-05,0.155933120209612,0.4526989472339058,-0.0004991035219878,0.0032439912026314,-0.0448488777939569,0.0,0.0,0.0,0.0449688161132321,0.3490162972401545
000165_10,0.3146547609295917,-0.0110931090494599,0.0841430710818,0.422526613184047,-0.0021774894362047,1.5979000000000167e-05,0.1370882650121262,1.0225990848994706,0.0116890357555984,0.0019757089472812,-0.0154334828318128,0.0,0.0,0.0,0.0194609705580139,0.596436550532441
000171_11,0.2701411105570948,-0.0021290913279481,-0.0642134087925577,0.422526613184047,-0.0021774894362047,1.5979000000000167e-05,0.165368552057072,2.7183578242966253,-0.0418752565746884,0.0087440406624547,-0.149135738317831,0.0,0.0,0.0,0.1551498108407071,1.7088233300035371
000172_10,0.2777715043265393,-0.0019454578810432,-0.0819807477862846,0.422526613184047,-0.0021774894362047,1.5979000000000167e-05,0.1663657374060419,2.2772258068486924,0.0084617060389778,0.0001570361408766,-0.0173870594350509,0.0,0.0,0.0,0.0193373980989586,0.4414247029034924
000172_11,0.2905695825312041,-0.0133276622373279,-0.0715545610788594,0.422526613184047,-0.0021774894362047,1.5979000000000167e-05,0.1505301514627214,1.294714328245335,0.0123317901590698,-0.0114359145999383,0.0109177634950853,0.0,0.0,0.0,0.0200512032307049,1.0174150981316
000173_10,0.2799025455144653,-0.0105004393121331,-0.1024111057303479,0.422526613184047,-0.0021774894362047,1.5979000000000167e-05,0.1757902268603478,1.2722972087884088,-0.0099737098068752,0.0029505105773048,-0.0310761132710636,0.0,0.0,0.0,0.0327704930694447,0.1145588761649245
000174_10,0.2802403504225398,-0.0019469793167082,-0.1270585798839682,0.422526613184047,-0.0021774894362047,1.5979000000000167e-05,0.1907704830971159,2.960289508601851,0.0009006923519658,0.0086231877544254,-0.0246090056369953,0.0,0.0,0.0,0.0260916418073419,1.6883667850086377
000174_11,0.2756802941337439,0.0006885908066661,-0.1494072315861173,0.422526613184047,-0.0021774894362047,1.5979000000000167e-05,0.2095217212998336,2.388403982284657,-0.0034019121475638,0.0028114302553504,-0.0225327634744551,0.0,0.0,0.0,0.0229608923201208,0.5733051951085462
000175_10,0.2902277212212022,-3.847422391485306e-05,-0.1378116383648195,0.422526613184047,-0.0021774894362047,1.5979000000000167e-05,0.1910602635535134,1.4258761841363532,0.0140567876487559,-0.0008719540252787,0.0121762251027565,0.0,0.0,0.0,0.0186175734341889,0.976686590566269
000175_11,0.2827274985640897,-0.0032693218150276,-0.0878137460960308,0.422526613184047,-0.0021774894362047,1.5979000000000167e-05,0.1651031349094007,1.2638071753921336,-0.0087073255083185,-0.0034815168813717,0.0497849622886426,0.0,0.0,0.0,0.0506604475639986,0.163059736702973
000176_10,0.2634733547235626,-0.0002278230803538,-0.1202225484659243,0.422526613184047,-0.0021774894362047,1.5979000000000167e-05,0.1993966993532507,1.051127097579468,-0.0185529148665,0.0032757539389352,-0.0327927130125504,0.0,0.0,0.0,0.037819350082141,0.2179639970590174
000176_11,0.27878195813791,-0.0010496855960658,-0.1152291012161057,0.422526613184047,-0.0021774894362047,1.5979000000000167e-05,0.1842423032581046,0.4870672367973563,0.0152164044558753,-0.0009012301204385,0.0052547246963525,0.0,0.0,0.0,0.0161233778076811,0.6172265449702714
000177_10,0.2783952153623004,0.0009284773691365,-0.1357381432393748,0.422526613184047,-0.0021774894362047,1.5979000000000167e-05,0.1980219396249557,0.2953620262174324,-0.0002448026386577,0.0020697251800238,-0.0205021904378747,0.0,0.0,0.0,0.0206078505284661,0.2449642247135532
000177_11,0.2909015259693402,0.0020681274014753,-0.1096731486845937,0.422526613184047,-0.0021774894362047,1.5979000000000167e-05,0.1713910545472506,1.4821143535224943,0.0124453336359375,0.0010087963701003,0.0260995507415475,0.0,0.0,0.0,0.0289325171448448,1.622109244771769
000178_10,0.277447927443946,0.0044351654135067,-0.1378748046312689,0.422526613184047,-0.0021774894362047,1.5979000000000167e-05,0.2002633777570972,1.4985315267037815,-0.0141744932180922,0.0024359760218332,-0.0278403545810545,0.0,0.0,0.0,0.0313358513585882,0.0226879266958001
000178_11,0.2917555820836003,0.0013273317958326,-0.1272222706066251,0.422526613184047,-0.0021774894362047,1.5979000000000167e-05,0.1824908724016091,1.7177052770056884,0.0145793226591527,-0.0031339984210178,0.0102696395713935,0.0,0.0,0.0,0.0181064654813953,0.2199886746487421
000179_10,0.3037222439891677,0.0001091510755553,-0.1049358220210767,0.422526613184047,-0.0021774894362047,1.5979000000000167e-05,0.1585389144727278,0.9800744085421748,0.0126274949866445,-0.0012664947773638,0.0219160469365914,0.0,0.0,0.0,0.0253252986554098,0.7400785987271438
000180_10,0.3198802680488976,-0.014688567652904,-0.0611127676394177,0.422526613184047,-0.0021774894362047,1.5979000000000167e-05,0.120122949154001,1.266278328915282,0.0168911548621022,-0.0148848946544075,0.0435160098695975,0.0,0.0,0.0,0.0489950437944415,0.6004880056306248
000180_11,0.3033014646124808,-0.0166971472658529,-0.0158122311598428,0.422526613184047,-0.0021774894362047,1.5979000000000167e-05,0.1211444953444697,1.144409245786662,-0.0157442356931117,-0.0025369761995574,0.0455709613129328,0.0,0.0,0.0,0.0482807386105701,0.1232760212902208
000181_10,0.3146424814435804,-0.0154878707837989,-0.0212050278408633,0.422526613184047,-0.0021774894362047,1.5979000000000167e-05,0.1107541568716619,1.5267351179758135,0.0112513764515289,0.0012515804208532,-0.0055680645481419,0.0,0.0,0.0,0.012615992565635,0.4642526248952504
000182_11,0.3045601165693121,-0.0139026404630517,-0.0242788883254948,0.422526613184047,-0.0021774894362047,1.5979000000000167e-05,0.1210116278236105,2.867200122036393,-0.0101537525250389,0.0016226321308012,-0.002807851409001,0.0,0.0,0.0,0.0106590644480026,1.4201214214606852
000183_10,0.296481240028512,-0.01036488243897,-0.0576279040439734,0.422526613184047,-0.0021774894362047,1.5979000000000167e-05,0.1388426690556152,2.727575104633421,-0.0097178378997306,0.0037976577958954,-0.0328798152246877,0.0,0.0,0.0,0.0344955189465208,0.1425802405445472
000183_11,0.3086436010132887,-0.0123162438208386,-0.057184033206245,0.422526613184047,-0.0021774894362047,1.5979000000000167e-05,0.1278435614254844,2.391630285493289,0.0121718499437909,-0.0019374185464691,-0.0001426029764282,0.0,0.0,0.0,0.0123259018853491,0.3399939511752518
000184_10,0.3172260746827782,-0.0109887183279357,-0.0666073904859575,0.422526613184047,-0.0021774894362047,1.5979000000000167e-05,0.1249180312240875,2.548642002335828,0.0081865911879919,0.0013917228629307,-0.0097603111034631,0.0,0.0,0.0,0.0128148679526126,0.1660506482848114
000184_11,0.296357908259252,-0.0149682759195822,-0.0194284398550308,0.422526613184047,-0.0021774894362047,1.5979000000000167e-05,0.1282974346815759,2.37032443050231,-0.0187675739855861,-0.0042754223224413,0.0480277998850765,0.0,0.0,0.0,0.0517413821920195,0.1984977037872753
000185_10,0.2815141946304552,-0.010065364121233,-0.056918169310995,0.422526613184047,-0.0021774894362047,1.5979000000000167e-05,0.1522767808869049,2.321585090933412,-0.0163615978973344,0.0051263461979944,-0.0368221792128298,0.0,0.0,0.0,0.0406183972243798,0.0591188314392015
000185_11,0.2843084984836896,-0.0127424450323753,-0.0226934244282896,0.422526613184047,-0.0021774894362047,1.5979000000000167e-05,0.1404691514964728,1.9445148526846368,0.0041643819848089,-0.0028492130837742,0.0340712190272541,0.0,0.0,0.0,0.0344428230334749,0.3793186232298691
000186_10,0.2979066164741515,-0.0125071964404638,-0.0162025709358109,0.422526613184047,-0.0021774894362047,1.5979000000000167e-05,0.1260947571820042,2.648352593492596,0.0138090471896221,0.0001873574688466,0.0060307915514464,0.0,0.0,0.0,0.0150696826059258,0.7120083263074389
000187_11,0.2988669748301635,-0.0188958153541207,0.0266352811609227,0.422526613184047,-0.0021774894362047,1.5979000000000167e-05,0.127592303164593,2.8868864345761804,0.0029254291189805,-0.0065670555945008,0.0427215865499642,0.0,0.0,0.0,0.0433222611604879,0.2428766572177948
000189_11,0.3238057958071693,-0.0192646997606449,0.0669714009741853,0.422526613184047,-0.0021774894362047,1.5979000000000167e-05,0.1205022865839969,2.471534583349975,0.0269329198041767,-0.0005287726123242,0.0390310345669268,0.0,0.0,0.0,0.047424502411922,0.4160059299654179
000190_10,0.3160760288033344,-0.0199895116132483,0.0944889207407484,0.422526613184047,-0.0021774894362047,1.5979000000000167e-05,0.1434368563869885,2.1004900911690902,-0.0065388147274186,-0.0008024509996559,0.0278224463089082,0.0,0.0,0.0,0.028591756578749,0.371060980212206
000190_11,0.3151650478902673,-0.0210903009022687,0.1139094556541075,0.422526613184047,-0.0021774894362047,1.5979000000000167e-05,0.1576576168925597,1.7050915841748528,-0.0002005047422929,-0.0011485886295801,0.019438089968207,0.0,0.0,0.0,0.0194730274894222,0.3961906015773584
000191_10,0.3206920009306719,-0.0189973118884937,0.082193235665788,0.422526613184047,-0.0021774894362047,1.5979000000000167e-05,0.1319329230830446,1.8232258190467028,0.0045844686829013,0.002154428422739,-0.0318620072866869,0.0,0.0,0.0,0.0322621515598402,0.1199878885653082
000191_11,0.2983314832221013,-0.023114232767116,0.1146540815912295,0.422526613184047,-0.0021774894362047,1.5979000000000167e-05,0.1703075808450297,1.7271516078435571,-0.0213198727636336,-0.0041743829607609,0.0331464305793365,0.0,0.0,0.0,0.0396314055757727,0.1105154586567524
000192_10,0.3067210329074267,-0.0241339750512253,0.1208879247912652,0.422526613184047,-0.0021774894362047,1.5979000000000167e-05,0.1688284542461191,1.1887541235411403,0.0085718363042658,-0.0010416647734468,0.005976937021904,0.0,0.0,0.0,0.0105016769751871,0.5429757302177807
000192_11,0.3107928338781694,-0.0246053512623335,0.1326711662204262,0.422526613184047,-0.0021774894362047,1.5979000000000167e-05,0.1748852341410012,0.7908692906950523,0.0043130713110148,-0.0004937839139037,0.0116961587954382,0.0,0.0,0.0,0.0124758381384032,0.4021886755565736
000193_10,0.3195539530706693,-0.0287228528368459,0.1318461780756768,0.422526613184047,-0.0021774894362047,1.5979000000000167e-05,0.1693730392867468,1.1883998072022235,0.0087405351412459,-0.0041348202466243,-0.0009475975585813,0.0,0.0,0.0,0.0097155357114406,0.4001413476927564
000193_11,0.3283219531019638,-0.0321789184098412,0.1279831402411518,0.422526613184047,-0.0021774894362047,1.5979000000000167e-05,0.1617102287357233,2.0003806841475384,0.0086786024497709,-0.003469321538026,-0.0040485729200808,0.0,0.0,0.0,0.0101855424550975,0.8202028230678382
000194_10,0.3367803279315244,-0.0222526612408276,0.1092332333375593,0.422526613184047,-0.0021774894362047,1.5979000000000167e-05,0.1402991325797391,1.9372257119750704,0.0078186816035526,0.0099870983264254,-0.0189936773700277,0.0,0.0,0.0,0.022839301544402,0.1596032882216955
000194_11,0.3172042630878481,-0.0173678568163138,0.058568292502448,0.422526613184047,-0.0021774894362047,1.5979000000000167e-05,0.1214574744814741,1.860075452076679,-0.0212759177627178,0.0049988755045379,-0.0499636510465267,0.0,0.0,0.0,0.054534574893868,0.0775881678911559
000195_10,0.3253574328249065,-0.0171030459753947,0.0666134211749124,0.422526613184047,-0.0021774894362047,1.5979000000000167e-05,0.1187427520058068,0.3557329457429581,0.0084090198266365,0.0002531730129673,0.0077777044093999,0.0,0.0,0.0,0.0114572421157651,1.5287708015461623
000195_11,0.3341190807838941,-0.0184498910902496,0.0683493475375776,0.422526613184047,-0.0021774894362047,1.5979000000000167e-05,0.1129164828373921,1.172357278905675,0.0087697706749788,-0.0013613802717693,0.0016827575942939,0.0,0.0,0.0,0.0090329345761627,1.4915504243952076
000196_10,0.3196594660908128,-0.0127474002639699,0.0239476048068021,0.422526613184047,-0.0021774894362047,1.5979000000000167e-05,0.1061418658200654,0.8307043579164598,-0.0135430722915263,0.0057674757673667,-0.0446814842233948,0.0,0.0,0.0,0.0470437415202718,0.3613722367950302
000196_11,0.3193190728728868,-0.012426771401245,0.0495572877277339,0.422526613184047,-0.0021774894362047,1.5979000000000167e-05,0.1149399209514924,1.031415602330341,-0.0006914812499983,0.0003232571708006,0.0256025758118889,0.0,0.0,0.0,0.0256139518567731,0.2166177265017156
000197_10,0.3203172240643542,-0.0133587258426324,0.0709874838338413,0.422526613184047,-0.0021774894362047,1.5979000000000167e-05,0.1249349181381136,1.2623061084610376,0.000618628752319,-0.0009367508137162,0.0214442986923768,0.0,0.0,0.0,0.0214736617750226,0.23450588311878
000197_11,0.3204914584351119,-0.0138354683880385,0.0911802282659997,0.422526613184047,-0.0021774894362047,1.5979000000000167e-05,0.1373244392747113,1.5589143055214207,-0.0002642358286611,-0.0004762715504037,0.0201917783667052,0.0,0.0,0.0,0.020199122970392,0.3022716131732942
000198_10,0.3306015923139777,-0.012361821324615,0.0848767783880793,0.422526613184047,-0.0021774894362047,1.5979000000000167e-05,0.1255200595552751,0.532478157654464,0.0102819929238401,0.0014305178516295,-0.0060294413729509,0.0,0.0,0.0,0.0120049957550838,1.0361460170044747
000198_11,0.3232049595902047,-0.0143119159336514,0.1098041548416496,0.422526613184047,-0.0021774894362047,1.5979000000000167e-05,0.1485445345129672,0.4884759535198621,-0.0076224914444923,-0.0019244386532213,0.0248612409493415,0.0,0.0,0.0,0.0260746455679188,0.0444941699127309
000199_10,0.3288338658026473,-0.0207239635927453,0.1156659861939606,0.422526613184047,-0.0021774894362047,1.5979000000000167e-05,0.1499907556467303,0.4663265256477634,0.0055643110918231,-0.0064252240983738,0.0059088869081235,0.0,0.0,0.0,0.0103518117802587,0.1094642779668891
000199_11,0.3263508163645401,-0.0175566274257441,0.0747743911704019,0.422526613184047,-0.0021774894362047,1.5979000000000167e-05,0.1227807882749091,0.2333555548220809,-0.0021842169376183,0.0031693472168805,-0.040908489718711,0.0,0.0,0.0,0.0410891724968709,0.3009479552552674
